unit,against,n_unit,n_against,duels,wins,losses,draws,mean_margin,mean_seconds
armart,armart,9,9,8,5,3,0,-0.037,54.3
armart,armfav,9,39,8,0,8,0,-0.536,18.1
armart,armflash,9,11,8,0,8,0,-0.668,20.1
armart,armflea,9,58,8,0,8,0,-0.282,18.6
armart,armham,9,9,8,0,8,0,-0.567,23.7
armart,armjanus,9,5,8,0,8,0,-0.496,24.7
armart,armjeth,9,10,8,8,0,0,0.249,59.8
armart,armllt,10,16,8,3,5,0,-0.051,80.6
armart,armpw,8,20,8,0,8,0,-0.528,19.9
armart,armrock,8,9,8,0,8,0,-0.351,27.4
armart,armstump,10,6,8,0,8,0,-0.416,30.8
armart,armwar,8,4,8,0,8,0,-0.645,20.6
armart,corak,9,28,8,0,8,0,-0.356,24.6
armart,corcrash,9,10,8,8,0,0,0.270,63.1
armart,corfav,9,47,8,0,8,0,-0.437,17.6
armart,corgator,8,9,8,0,8,0,-0.574,18.0
armart,corlevlr,8,5,8,0,8,0,-0.976,15.8
armart,corllt,8,12,8,0,8,0,-0.195,75.9
armart,cormist,8,7,8,1,7,0,-0.215,48.3
armart,corraid,7,4,8,0,8,0,-0.507,28.1
armart,corstorm,9,11,8,0,8,0,-0.436,29.1
armart,corthud,9,9,8,0,8,0,-0.659,24.6
armart,corwolv,10,8,8,1,7,0,-0.138,39.6
armfav,armart,39,9,8,8,0,0,0.536,18.1
armfav,armfav,39,39,8,5,3,0,0.045,25.4
armfav,armflash,39,11,8,0,8,0,-0.505,13.7
armfav,armflea,39,57,8,0,8,0,-0.315,14.6
armfav,armham,38,9,8,0,8,0,-0.578,14.4
armfav,armjanus,39,5,8,0,8,0,-0.533,14.2
armfav,armjeth,40,10,8,8,0,0,0.780,32.4
armfav,armllt,41,15,8,0,8,0,-0.684,12.5
armfav,armpw,38,22,8,0,8,0,-0.489,12.7
armfav,armrock,39,10,8,1,7,0,-0.207,23.4
armfav,armstump,36,5,8,0,8,0,-0.382,18.8
armfav,armwar,35,4,8,0,8,0,-0.595,13.0
armfav,corak,39,28,8,0,8,0,-0.538,10.3
armfav,corcrash,40,10,8,8,0,0,0.780,30.9
armfav,corfav,38,45,8,0,8,0,-0.165,21.2
armfav,corgator,39,10,8,0,8,0,-0.571,13.2
armfav,corlevlr,43,6,8,0,8,0,-0.834,8.9
armfav,corllt,38,13,8,0,8,0,-0.586,15.7
armfav,cormist,40,8,8,3,5,0,-0.081,42.0
armfav,corraid,38,5,8,0,8,0,-0.397,19.2
armfav,corstorm,39,11,8,0,8,0,-0.389,18.4
armfav,corthud,41,9,8,0,8,0,-0.563,15.2
armfav,corwolv,44,8,8,8,0,0,0.355,22.7
armflash,armart,11,9,8,8,0,0,0.668,20.1
armflash,armfav,11,39,8,8,0,0,0.505,13.7
armflash,armflash,11,11,8,1,7,0,-0.071,27.2
armflash,armflea,11,58,8,8,0,0,0.422,13.1
armflash,armham,13,11,8,0,8,0,-0.218,28.2
armflash,armjanus,11,5,8,0,8,0,-0.448,19.6
armflash,armjeth,8,7,8,8,0,0,0.977,26.0
armflash,armllt,10,13,8,8,0,0,0.290,24.9
armflash,armpw,11,22,8,8,0,0,0.254,24.6
armflash,armrock,11,10,8,8,0,0,0.360,22.6
armflash,armstump,10,5,8,4,4,0,0.012,28.6
armflash,armwar,10,4,8,0,8,0,-0.303,18.3
armflash,corak,11,28,8,7,1,0,0.190,24.7
armflash,corcrash,8,7,8,8,0,0,0.966,22.2
armflash,corfav,11,47,8,8,0,0,0.464,13.1
armflash,corgator,11,10,8,1,7,0,-0.212,23.6
armflash,corlevlr,10,5,8,0,8,0,-0.954,12.3
armflash,corllt,9,11,8,6,2,0,0.164,30.9
armflash,cormist,7,5,8,8,0,0,0.549,18.8
armflash,corraid,11,5,8,0,8,0,-0.214,28.5
armflash,corstorm,11,11,8,7,1,0,0.183,28.4
armflash,corthud,10,8,8,4,4,0,-0.041,34.0
armflash,corwolv,11,7,8,8,0,0,0.738,19.2
armflea,armart,58,9,8,8,0,0,0.282,18.6
armflea,armfav,57,39,8,8,0,0,0.315,14.6
armflea,armflash,58,11,8,0,8,0,-0.422,13.1
armflea,armflea,57,57,8,3,5,0,-0.037,24.2
armflea,armham,56,9,8,0,8,0,-0.486,17.8
armflea,armjanus,57,5,8,3,5,0,-0.163,20.4
armflea,armjeth,60,10,8,8,0,0,0.539,27.8
armflea,armllt,57,14,8,0,8,0,-0.611,15.0
armflea,armpw,57,22,8,0,8,0,-0.187,14.9
armflea,armrock,57,10,8,4,4,0,-0.023,27.6
armflea,armstump,54,5,8,0,8,0,-0.509,14.2
armflea,armwar,51,4,8,0,8,0,-0.759,11.8
armflea,corak,57,28,8,0,8,0,-0.364,13.4
armflea,corcrash,59,10,8,8,0,0,0.479,27.5
armflea,corfav,57,46,8,8,0,0,0.128,20.9
armflea,corgator,57,10,8,0,8,0,-0.491,14.1
armflea,corlevlr,52,5,8,0,8,0,-0.882,10.1
armflea,corllt,56,13,8,0,8,0,-0.530,17.4
armflea,cormist,59,8,8,0,8,0,-0.262,34.8
armflea,corraid,56,5,8,0,8,0,-0.525,15.5
armflea,corstorm,58,11,8,0,8,0,-0.384,24.3
armflea,corthud,60,9,8,0,8,0,-0.589,17.2
armflea,corwolv,57,7,8,8,0,0,0.298,17.7
armham,armart,9,9,8,8,0,0,0.567,23.7
armham,armfav,9,38,8,8,0,0,0.578,14.4
armham,armflash,11,13,8,8,0,0,0.218,28.2
armham,armflea,9,56,8,8,0,0,0.486,17.8
armham,armham,9,9,8,3,5,0,-0.034,45.2
armham,armjanus,11,6,8,1,7,0,-0.137,30.6
armham,armjeth,9,9,8,8,0,0,0.880,22.1
armham,armllt,9,14,8,8,0,0,0.599,35.0
armham,armpw,10,24,8,8,0,0,0.436,20.1
armham,armrock,11,12,8,8,0,0,0.421,31.5
armham,armstump,7,4,8,8,0,0,0.376,31.7
armham,armwar,10,5,8,0,8,0,-0.150,32.1
armham,corak,9,27,8,8,0,0,0.436,23.3
armham,corcrash,9,9,8,8,0,0,0.894,21.1
armham,corfav,9,45,8,8,0,0,0.598,14.6
armham,corgator,11,12,8,6,2,0,0.167,33.2
armham,corlevlr,10,6,8,0,8,0,-0.685,18.9
armham,corllt,9,13,8,8,0,0,0.639,35.7
armham,cormist,6,5,8,8,0,0,0.666,25.6
armham,corraid,9,5,8,8,0,0,0.259,38.9
armham,corstorm,11,13,8,8,0,0,0.313,37.4
armham,corthud,11,10,8,8,0,0,0.161,46.5
armham,corwolv,9,7,8,8,0,0,0.402,23.1
armjanus,armart,5,9,8,8,0,0,0.496,24.7
armjanus,armfav,5,39,8,8,0,0,0.533,14.2
armjanus,armflash,5,11,8,8,0,0,0.448,19.6
armjanus,armflea,5,57,8,5,3,0,0.163,20.4
armjanus,armham,6,11,8,7,1,0,0.137,30.6
armjanus,armjanus,5,5,8,4,4,0,-0.056,19.3
armjanus,armjeth,5,10,8,8,0,0,0.774,17.8
armjanus,armllt,5,14,8,8,0,0,0.287,36.8
armjanus,armpw,5,22,8,7,1,0,0.337,19.4
armjanus,armrock,5,10,8,8,0,0,0.364,27.4
armjanus,armstump,5,5,8,8,0,0,0.378,23.3
armjanus,armwar,6,5,8,8,0,0,0.373,22.1
armjanus,corak,5,28,8,8,0,0,0.457,21.9
armjanus,corcrash,5,10,8,8,0,0,0.698,18.4
armjanus,corfav,5,46,8,8,0,0,0.574,15.2
armjanus,corgator,5,10,8,7,1,0,0.484,19.6
armjanus,corlevlr,5,5,8,0,8,0,-0.237,17.4
armjanus,corllt,6,16,8,8,0,0,0.431,33.4
armjanus,cormist,5,8,8,8,0,0,0.503,27.2
armjanus,corraid,5,5,8,7,1,0,0.250,26.1
armjanus,corstorm,5,11,8,7,1,0,0.126,32.2
armjanus,corthud,6,10,8,6,2,0,0.147,28.9
armjanus,corwolv,5,7,8,8,0,0,0.490,19.8
armjeth,armart,10,9,8,0,8,0,-0.249,59.8
armjeth,armfav,10,40,8,0,8,0,-0.780,32.4
armjeth,armflash,7,8,8,0,8,0,-0.977,26.0
armjeth,armflea,10,60,8,0,8,0,-0.539,27.8
armjeth,armham,9,9,8,0,8,0,-0.880,22.1
armjeth,armjanus,10,5,8,0,8,0,-0.774,17.8
armjeth,armjeth,10,10,8,0,0,8,0.000,60.0
armjeth,armllt,10,15,8,0,8,0,-0.961,55.2
armjeth,armpw,10,23,8,0,8,0,-0.802,16.9
armjeth,armrock,10,10,8,0,8,0,-0.711,25.8
armjeth,armstump,9,5,8,0,8,0,-0.795,30.4
armjeth,armwar,11,5,8,0,8,0,-0.993,20.9
armjeth,corak,10,29,8,0,8,0,-0.918,15.7
armjeth,corcrash,10,10,8,0,0,8,0.000,60.0
armjeth,corfav,10,48,8,0,8,0,-0.809,30.6
armjeth,corgator,10,10,8,0,8,0,-0.875,23.2
armjeth,corlevlr,7,4,8,0,8,0,-0.991,14.1
armjeth,corllt,10,14,8,0,8,0,-0.983,57.6
armjeth,cormist,10,8,8,0,8,0,-0.845,39.7
armjeth,corraid,11,6,8,0,8,0,-0.862,28.1
armjeth,corstorm,7,8,8,0,8,0,-0.822,22.9
armjeth,corthud,10,9,8,0,8,0,-0.900,24.1
armjeth,corwolv,11,8,8,0,8,0,-0.279,53.0
armllt,armart,16,10,8,5,3,0,0.051,80.6
armllt,armfav,15,41,8,8,0,0,0.684,12.5
armllt,armflash,13,10,8,0,8,0,-0.290,24.9
armllt,armflea,14,57,8,8,0,0,0.611,15.0
armllt,armham,14,9,8,0,8,0,-0.599,35.0
armllt,armjanus,14,5,8,0,8,0,-0.287,36.8
armllt,armjeth,15,10,8,8,0,0,0.961,55.2
armllt,armpw,14,22,8,8,0,0,0.204,25.6
armllt,armrock,14,10,8,0,8,0,-0.426,41.9
armllt,armstump,16,6,8,0,8,0,-0.643,35.1
armllt,armwar,16,5,8,0,8,0,-0.522,36.3
armllt,corak,14,28,8,8,0,0,0.168,27.4
armllt,corcrash,15,10,8,8,0,0,0.969,56.2
armllt,corfav,14,46,8,8,0,0,0.655,13.9
armllt,corgator,14,10,8,0,8,0,-0.475,25.2
armllt,corlevlr,13,5,8,0,8,0,-0.567,30.4
armllt,cormist,11,6,8,0,8,0,-0.963,48.3
armllt,corraid,11,4,8,0,8,0,-0.505,39.9
armllt,corstorm,13,10,8,0,8,0,-0.419,42.4
armllt,corthud,15,9,8,0,8,0,-0.632,35.8
armllt,corwolv,14,7,8,5,3,0,-0.041,58.5
armpw,armart,20,8,8,8,0,0,0.528,19.9
armpw,armfav,22,38,8,8,0,0,0.489,12.7
armpw,armflash,22,11,8,0,8,0,-0.254,24.6
armpw,armflea,22,57,8,8,0,0,0.187,14.9
armpw,armham,24,10,8,0,8,0,-0.436,20.1
armpw,armjanus,22,5,8,1,7,0,-0.337,19.4
armpw,armjeth,23,10,8,8,0,0,0.802,16.9
armpw,armllt,22,14,8,0,8,0,-0.204,25.6
armpw,armpw,22,22,8,5,3,0,0.009,29.9
armpw,armrock,20,9,8,8,0,0,0.137,23.6
armpw,armstump,21,5,8,0,8,0,-0.312,22.9
armpw,armwar,20,4,8,1,7,0,-0.319,21.9
armpw,corak,23,29,8,8,0,0,0.143,23.9
armpw,corcrash,23,10,8,8,0,0,0.774,16.1
armpw,corfav,22,46,8,8,0,0,0.393,13.0
armpw,corgator,20,9,8,2,6,0,-0.129,33.5
armpw,corlevlr,21,5,8,0,8,0,-0.932,12.3
armpw,corllt,20,12,8,1,7,0,-0.141,27.8
armpw,cormist,23,8,8,8,0,0,0.184,31.9
armpw,corraid,26,6,8,0,8,0,-0.454,22.9
armpw,corstorm,22,11,8,0,8,0,-0.264,28.0
armpw,corthud,26,10,8,0,8,0,-0.428,22.1
armpw,corwolv,22,7,8,8,0,0,0.402,22.2
armrock,armart,9,8,8,8,0,0,0.351,27.4
armrock,armfav,10,39,8,7,1,0,0.207,23.4
armrock,armflash,10,11,8,0,8,0,-0.360,22.6
armrock,armflea,10,57,8,4,4,0,0.023,27.6
armrock,armham,12,11,8,0,8,0,-0.421,31.5
armrock,armjanus,10,5,8,0,8,0,-0.364,27.4
armrock,armjeth,10,10,8,8,0,0,0.711,25.8
armrock,armllt,10,14,8,8,0,0,0.426,41.9
armrock,armpw,9,20,8,0,8,0,-0.137,23.6
armrock,armrock,10,10,8,4,4,0,-0.003,45.9
armrock,armstump,11,6,8,0,8,0,-0.293,35.9
armrock,armwar,9,4,8,0,8,0,-0.383,25.0
armrock,corak,10,28,8,3,5,0,-0.031,32.6
armrock,corcrash,10,10,8,8,0,0,0.688,25.9
armrock,corfav,10,46,8,8,0,0,0.260,22.0
armrock,corgator,10,10,8,0,8,0,-0.406,23.4
armrock,corlevlr,11,6,8,0,8,0,-0.746,18.1
armrock,corllt,9,12,8,8,0,0,0.385,46.2
armrock,cormist,9,7,8,8,0,0,0.455,31.9
armrock,corraid,10,5,8,0,8,0,-0.288,41.3
armrock,corstorm,10,11,8,1,7,0,-0.190,41.6
armrock,corthud,7,6,8,0,8,0,-0.458,26.9
armrock,corwolv,10,7,8,8,0,0,0.188,27.2
armstump,armart,6,10,8,8,0,0,0.416,30.8
armstump,armfav,5,36,8,8,0,0,0.382,18.8
armstump,armflash,5,10,8,4,4,0,-0.012,28.6
armstump,armflea,5,54,8,8,0,0,0.509,14.2
armstump,armham,4,7,8,0,8,0,-0.376,31.7
armstump,armjanus,5,5,8,0,8,0,-0.378,23.3
armstump,armjeth,5,9,8,8,0,0,0.795,30.4
armstump,armllt,6,16,8,8,0,0,0.643,35.1
armstump,armpw,5,21,8,8,0,0,0.312,22.9
armstump,armrock,6,11,8,8,0,0,0.293,35.9
armstump,armstump,5,5,8,5,3,0,0.058,41.2
armstump,armwar,6,5,8,0,8,0,-0.292,26.9
armstump,corak,5,26,8,8,0,0,0.346,25.5
armstump,corcrash,5,9,8,8,0,0,0.848,27.6
armstump,corfav,5,43,8,8,0,0,0.474,16.7
armstump,corgator,6,11,8,6,2,0,0.152,29.0
armstump,corlevlr,5,5,8,0,8,0,-0.726,16.9
armstump,corllt,6,15,8,8,0,0,0.646,35.4
armstump,cormist,5,7,8,8,0,0,0.614,32.1
armstump,corraid,5,5,8,0,8,0,-0.195,38.9
armstump,corstorm,5,10,8,6,2,0,0.104,45.1
armstump,corthud,5,8,8,0,8,0,-0.267,37.1
armstump,corwolv,6,8,8,8,0,0,0.391,26.8
armwar,armart,4,8,8,8,0,0,0.645,20.6
armwar,armfav,4,35,8,8,0,0,0.595,13.0
armwar,armflash,4,10,8,8,0,0,0.303,18.3
armwar,armflea,4,51,8,8,0,0,0.759,11.8
armwar,armham,5,10,8,8,0,0,0.150,32.1
armwar,armjanus,5,6,8,0,8,0,-0.373,22.1
armwar,armjeth,5,11,8,8,0,0,0.993,20.9
armwar,armllt,5,16,8,8,0,0,0.522,36.3
armwar,armpw,4,20,8,7,1,0,0.319,21.9
armwar,armrock,4,9,8,8,0,0,0.383,25.0
armwar,armstump,5,6,8,8,0,0,0.292,26.9
armwar,armwar,4,4,8,3,5,0,-0.061,25.1
armwar,corak,4,25,8,8,0,0,0.494,20.6
armwar,corcrash,5,11,8,8,0,0,0.995,20.0
armwar,corfav,5,52,8,8,0,0,0.647,13.2
armwar,corgator,4,9,8,8,0,0,0.367,20.9
armwar,corlevlr,4,5,8,0,8,0,-0.651,17.1
armwar,corllt,4,12,8,8,0,0,0.489,36.6
armwar,cormist,4,7,8,8,0,0,0.601,25.7
armwar,corraid,5,6,8,6,2,0,0.120,34.5
armwar,corstorm,4,10,8,4,4,0,0.068,48.0
armwar,corthud,4,8,8,0,8,0,-0.250,30.2
armwar,corwolv,5,8,8,8,0,0,0.598,21.2
corak,armart,28,9,8,8,0,0,0.356,24.6
corak,armfav,28,39,8,8,0,0,0.538,10.3
corak,armflash,28,11,8,1,7,0,-0.190,24.7
corak,armflea,28,57,8,8,0,0,0.364,13.4
corak,armham,27,9,8,0,8,0,-0.436,23.3
corak,armjanus,28,5,8,0,8,0,-0.457,21.9
corak,armjeth,29,10,8,8,0,0,0.918,15.7
corak,armllt,28,14,8,0,8,0,-0.168,27.4
corak,armpw,29,23,8,0,8,0,-0.143,23.9
corak,armrock,28,10,8,5,3,0,0.031,32.6
corak,armstump,26,5,8,0,8,0,-0.346,25.5
corak,armwar,25,4,8,0,8,0,-0.494,20.6
corak,corak,28,28,8,1,7,0,-0.055,31.2
corak,corcrash,29,10,8,8,0,0,0.888,15.1
corak,corfav,28,46,8,8,0,0,0.464,12.5
corak,corgator,28,10,8,1,7,0,-0.173,28.1
corak,corlevlr,31,6,8,0,8,0,-0.960,11.9
corak,corllt,27,13,8,1,7,0,-0.152,30.9
corak,cormist,29,8,8,8,0,0,0.141,46.1
corak,corraid,33,6,8,0,8,0,-0.471,24.9
corak,corstorm,28,11,8,0,8,0,-0.323,30.2
corak,corthud,26,8,8,0,8,0,-0.438,23.5
corak,corwolv,28,7,8,8,0,0,0.315,25.2
corcrash,armart,10,9,8,0,8,0,-0.270,63.1
corcrash,armfav,10,40,8,0,8,0,-0.780,30.9
corcrash,armflash,7,8,8,0,8,0,-0.966,22.2
corcrash,armflea,10,59,8,0,8,0,-0.479,27.5
corcrash,armham,9,9,8,0,8,0,-0.894,21.1
corcrash,armjanus,10,5,8,0,8,0,-0.698,18.4
corcrash,armjeth,10,10,8,0,0,8,0.000,60.0
corcrash,armllt,10,15,8,0,8,0,-0.969,56.2
corcrash,armpw,10,23,8,0,8,0,-0.774,16.1
corcrash,armrock,10,10,8,0,8,0,-0.688,25.9
corcrash,armstump,9,5,8,0,8,0,-0.848,27.6
corcrash,armwar,11,5,8,0,8,0,-0.995,20.0
corcrash,corak,10,29,8,0,8,0,-0.888,15.1
corcrash,corcrash,10,10,8,0,0,8,0.000,60.0
corcrash,corfav,10,48,8,0,8,0,-0.763,30.8
corcrash,corgator,10,10,8,0,8,0,-0.917,21.8
corcrash,corlevlr,7,4,8,0,8,0,-0.999,14.2
corcrash,corllt,10,14,8,0,8,0,-0.990,57.7
corcrash,cormist,10,8,8,0,8,0,-0.833,38.7
corcrash,corraid,11,6,8,0,8,0,-0.844,27.2
corcrash,corstorm,7,8,8,0,8,0,-0.851,22.3
corcrash,corthud,10,9,8,0,8,0,-0.896,22.8
corcrash,corwolv,11,8,8,0,8,0,-0.262,55.2
corfav,armart,47,9,8,8,0,0,0.437,17.6
corfav,armfav,45,38,8,8,0,0,0.165,21.2
corfav,armflash,47,11,8,0,8,0,-0.464,13.1
corfav,armflea,46,57,8,0,8,0,-0.128,20.9
corfav,armham,45,9,8,0,8,0,-0.598,14.6
corfav,armjanus,46,5,8,0,8,0,-0.574,15.2
corfav,armjeth,48,10,8,8,0,0,0.809,30.6
corfav,armllt,46,14,8,0,8,0,-0.655,13.9
corfav,armpw,46,22,8,0,8,0,-0.393,13.0
corfav,armrock,46,10,8,0,8,0,-0.260,22.0
corfav,armstump,43,5,8,0,8,0,-0.474,16.7
corfav,armwar,52,5,8,0,8,0,-0.647,13.2
corfav,corak,46,28,8,0,8,0,-0.464,12.5
corfav,corcrash,48,10,8,8,0,0,0.763,30.8
corfav,corfav,46,46,8,4,4,0,-0.042,25.1
corfav,corgator,46,10,8,0,8,0,-0.550,12.1
corfav,corlevlr,42,5,8,0,8,0,-0.864,9.5
corfav,corllt,45,13,8,0,8,0,-0.577,16.1
corfav,cormist,48,8,8,3,5,0,-0.136,34.1
corfav,corraid,45,5,8,0,8,0,-0.518,17.4
corfav,corstorm,47,11,8,0,8,0,-0.316,21.1
corfav,corthud,48,9,8,0,8,0,-0.535,15.5
corfav,corwolv,46,7,8,8,0,0,0.495,17.2
corgator,armart,9,8,8,8,0,0,0.574,18.0
corgator,armfav,10,39,8,8,0,0,0.571,13.2
corgator,armflash,10,11,8,7,1,0,0.212,23.6
corgator,armflea,10,57,8,8,0,0,0.491,14.1
corgator,armham,12,11,8,2,6,0,-0.167,33.2
corgator,armjanus,10,5,8,1,7,0,-0.484,19.6
corgator,armjeth,10,10,8,8,0,0,0.875,23.2
corgator,armllt,10,14,8,8,0,0,0.475,25.2
corgator,armpw,9,20,8,6,2,0,0.129,33.5
corgator,armrock,10,10,8,8,0,0,0.406,23.4
corgator,armstump,11,6,8,2,6,0,-0.152,29.0
corgator,armwar,9,4,8,0,8,0,-0.367,20.9
corgator,corak,10,28,8,7,1,0,0.173,28.1
corgator,corcrash,10,10,8,8,0,0,0.917,21.8
corgator,corfav,10,46,8,8,0,0,0.550,12.1
corgator,corgator,10,10,8,6,2,0,0.052,30.5
corgator,corlevlr,11,6,8,0,8,0,-0.928,13.4
corgator,corllt,9,12,8,8,0,0,0.483,28.8
corgator,cormist,9,7,8,8,0,0,0.597,20.9
corgator,corraid,10,5,8,1,7,0,-0.101,35.1
corgator,corstorm,10,11,8,8,0,0,0.229,37.8
corgator,corthud,7,6,8,2,6,0,-0.092,30.6
corgator,corwolv,10,7,8,8,0,0,0.624,17.8
corlevlr,armart,5,8,8,8,0,0,0.976,15.8
corlevlr,armfav,6,43,8,8,0,0,0.834,8.9
corlevlr,armflash,5,10,8,8,0,0,0.954,12.3
corlevlr,armflea,5,52,8,8,0,0,0.882,10.1
corlevlr,armham,6,10,8,8,0,0,0.685,18.9
corlevlr,armjanus,5,5,8,8,0,0,0.237,17.4
corlevlr,armjeth,4,7,8,8,0,0,0.991,14.1
corlevlr,armllt,5,13,8,8,0,0,0.567,30.4
corlevlr,armpw,5,21,8,8,0,0,0.932,12.3
corlevlr,armrock,6,11,8,8,0,0,0.746,18.1
corlevlr,armstump,5,5,8,8,0,0,0.726,16.9
corlevlr,armwar,5,4,8,8,0,0,0.651,17.1
corlevlr,corak,6,31,8,8,0,0,0.960,11.9
corlevlr,corcrash,4,7,8,8,0,0,0.999,14.2
corlevlr,corfav,5,42,8,8,0,0,0.864,9.5
corlevlr,corgator,6,11,8,8,0,0,0.928,13.4
corlevlr,corlevlr,5,5,8,4,3,1,0.014,20.1
corlevlr,corllt,5,12,8,8,0,0,0.529,31.9
corlevlr,cormist,5,7,8,8,0,0,0.724,20.2
corlevlr,corraid,5,5,8,8,0,0,0.689,17.4
corlevlr,corstorm,5,10,8,8,0,0,0.657,18.7
corlevlr,corthud,5,8,8,8,0,0,0.581,20.8
corlevlr,corwolv,6,8,8,8,0,0,0.875,15.8
corllt,armart,12,8,8,8,0,0,0.195,75.9
corllt,armfav,13,38,8,8,0,0,0.586,15.7
corllt,armflash,11,9,8,2,6,0,-0.164,30.9
corllt,armflea,13,56,8,8,0,0,0.530,17.4
corllt,armham,13,9,8,0,8,0,-0.639,35.7
corllt,armjanus,16,6,8,0,8,0,-0.431,33.4
corllt,armjeth,14,10,8,8,0,0,0.983,57.6
corllt,armpw,12,20,8,7,1,0,0.141,27.8
corllt,armrock,12,9,8,0,8,0,-0.385,46.2
corllt,armstump,15,6,8,0,8,0,-0.646,35.4
corllt,armwar,12,4,8,0,8,0,-0.489,36.6
corllt,corak,13,27,8,7,1,0,0.152,30.9
corllt,corcrash,14,10,8,8,0,0,0.990,57.7
corllt,corfav,13,45,8,8,0,0,0.577,16.1
corllt,corgator,12,9,8,0,8,0,-0.483,28.8
corllt,corlevlr,12,5,8,0,8,0,-0.529,31.9
corllt,cormist,12,7,8,1,7,0,-0.791,54.4
corllt,corraid,13,5,8,0,8,0,-0.587,37.8
corllt,corstorm,11,9,8,0,8,0,-0.244,53.9
corllt,corthud,14,9,8,0,8,0,-0.621,37.1
corllt,corwolv,15,8,8,1,7,0,-0.215,59.1
cormist,armart,7,8,8,7,1,0,0.215,48.3
cormist,armfav,8,40,8,5,3,0,0.081,42.0
cormist,armflash,5,7,8,0,8,0,-0.549,18.8
cormist,armflea,8,59,8,8,0,0,0.262,34.8
cormist,armham,5,6,8,0,8,0,-0.666,25.6
cormist,armjanus,8,5,8,0,8,0,-0.503,27.2
cormist,armjeth,8,10,8,8,0,0,0.845,39.7
cormist,armllt,6,11,8,8,0,0,0.963,48.3
cormist,armpw,8,23,8,0,8,0,-0.184,31.9
cormist,armrock,7,9,8,0,8,0,-0.455,31.9
cormist,armstump,7,5,8,0,8,0,-0.614,32.1
cormist,armwar,7,4,8,0,8,0,-0.601,25.7
cormist,corak,8,29,8,0,8,0,-0.141,46.1
cormist,corcrash,8,10,8,8,0,0,0.833,38.7
cormist,corfav,8,48,8,5,3,0,0.136,34.1
cormist,corgator,7,9,8,0,8,0,-0.597,20.9
cormist,corlevlr,7,5,8,0,8,0,-0.724,20.2
cormist,corllt,7,12,8,7,1,0,0.791,54.4
cormist,cormist,8,8,8,2,6,0,-0.066,60.6
cormist,corraid,9,6,8,0,8,0,-0.638,35.5
cormist,corstorm,5,7,8,0,8,0,-0.553,30.2
cormist,corthud,9,10,8,0,8,0,-0.668,29.9
cormist,corwolv,9,8,8,4,4,0,0.063,48.8
corraid,armart,4,7,8,8,0,0,0.507,28.1
corraid,armfav,5,38,8,8,0,0,0.397,19.2
corraid,armflash,5,11,8,8,0,0,0.214,28.5
corraid,armflea,5,56,8,8,0,0,0.525,15.5
corraid,armham,5,9,8,0,8,0,-0.259,38.9
corraid,armjanus,5,5,8,1,7,0,-0.250,26.1
corraid,armjeth,6,11,8,8,0,0,0.862,28.1
corraid,armllt,4,11,8,8,0,0,0.505,39.9
corraid,armpw,6,26,8,8,0,0,0.454,22.9
corraid,armrock,5,10,8,8,0,0,0.288,41.3
corraid,armstump,5,5,8,8,0,0,0.195,38.9
corraid,armwar,6,5,8,2,6,0,-0.120,34.5
corraid,corak,6,33,8,8,0,0,0.471,24.9
corraid,corcrash,6,11,8,8,0,0,0.844,27.2
corraid,corfav,5,45,8,8,0,0,0.518,17.4
corraid,corgator,5,10,8,7,1,0,0.101,35.1
corraid,corlevlr,5,5,8,0,8,0,-0.689,17.4
corraid,corllt,5,13,8,8,0,0,0.587,37.8
corraid,cormist,6,9,8,8,0,0,0.638,35.5
corraid,corraid,5,5,8,7,1,0,0.074,49.1
corraid,corstorm,5,11,8,8,0,0,0.216,43.8
corraid,corthud,6,10,8,0,8,0,-0.193,45.6
corraid,corwolv,5,7,8,8,0,0,0.427,28.2
corstorm,armart,11,9,8,8,0,0,0.436,29.1
corstorm,armfav,11,39,8,8,0,0,0.389,18.4
corstorm,armflash,11,11,8,1,7,0,-0.183,28.4
corstorm,armflea,11,58,8,8,0,0,0.384,24.3
corstorm,armham,13,11,8,0,8,0,-0.313,37.4
corstorm,armjanus,11,5,8,1,7,0,-0.126,32.2
corstorm,armjeth,8,7,8,8,0,0,0.822,22.9
corstorm,armllt,10,13,8,8,0,0,0.419,42.4
corstorm,armpw,11,22,8,8,0,0,0.264,28.0
corstorm,armrock,11,10,8,7,1,0,0.190,41.6
corstorm,armstump,10,5,8,2,6,0,-0.104,45.1
corstorm,armwar,10,4,8,4,4,0,-0.068,48.0
corstorm,corak,11,28,8,8,0,0,0.323,30.2
corstorm,corcrash,8,7,8,8,0,0,0.851,22.3
corstorm,corfav,11,47,8,8,0,0,0.316,21.1
corstorm,corgator,11,10,8,0,8,0,-0.229,37.8
corstorm,corlevlr,10,5,8,0,8,0,-0.657,18.7
corstorm,corllt,9,11,8,8,0,0,0.244,53.9
corstorm,cormist,7,5,8,8,0,0,0.553,30.2
corstorm,corraid,11,5,8,0,8,0,-0.216,43.8
corstorm,corstorm,11,11,8,6,2,0,0.174,46.9
corstorm,corthud,10,8,8,0,8,0,-0.335,31.3
corstorm,corwolv,11,7,8,8,0,0,0.336,27.1
corthud,armart,9,9,8,8,0,0,0.659,24.6
corthud,armfav,9,41,8,8,0,0,0.563,15.2
corthud,armflash,8,10,8,4,4,0,0.041,34.0
corthud,armflea,9,60,8,8,0,0,0.589,17.2
corthud,armham,10,11,8,0,8,0,-0.161,46.5
corthud,armjanus,10,6,8,2,6,0,-0.147,28.9
corthud,armjeth,9,10,8,8,0,0,0.900,24.1
corthud,armllt,9,15,8,8,0,0,0.632,35.8
corthud,armpw,10,26,8,8,0,0,0.428,22.1
corthud,armrock,6,7,8,8,0,0,0.458,26.9
corthud,armstump,8,5,8,8,0,0,0.267,37.1
corthud,armwar,8,4,8,8,0,0,0.250,30.2
corthud,corak,8,26,8,8,0,0,0.438,23.5
corthud,corcrash,9,10,8,8,0,0,0.896,22.8
corthud,corfav,9,48,8,8,0,0,0.535,15.5
corthud,corgator,6,7,8,6,2,0,0.092,30.6
corthud,corlevlr,8,5,8,0,8,0,-0.581,20.8
corthud,corllt,9,14,8,8,0,0,0.621,37.1
corthud,cormist,10,9,8,8,0,0,0.668,29.9
corthud,corraid,10,6,8,8,0,0,0.193,45.6
corthud,corstorm,8,10,8,8,0,0,0.335,31.3
corthud,corthud,9,9,8,4,4,0,-0.013,45.1
corthud,corwolv,10,8,8,8,0,0,0.439,23.2
corwolv,armart,8,10,8,7,1,0,0.138,39.6
corwolv,armfav,8,44,8,0,8,0,-0.355,22.7
corwolv,armflash,7,11,8,0,8,0,-0.738,19.2
corwolv,armflea,7,57,8,0,8,0,-0.298,17.7
corwolv,armham,7,9,8,0,8,0,-0.402,23.1
corwolv,armjanus,7,5,8,0,8,0,-0.490,19.8
corwolv,armjeth,8,11,8,8,0,0,0.279,53.0
corwolv,armllt,7,14,8,3,5,0,0.041,58.5
corwolv,armpw,7,22,8,0,8,0,-0.402,22.2
corwolv,armrock,7,10,8,0,8,0,-0.188,27.2
corwolv,armstump,8,6,8,0,8,0,-0.391,26.8
corwolv,armwar,8,5,8,0,8,0,-0.598,21.2
corwolv,corak,7,28,8,0,8,0,-0.315,25.2
corwolv,corcrash,8,11,8,8,0,0,0.262,55.2
corwolv,corfav,7,46,8,0,8,0,-0.495,17.2
corwolv,corgator,7,10,8,0,8,0,-0.624,17.8
corwolv,corlevlr,8,6,8,0,8,0,-0.875,15.8
corwolv,corllt,8,15,8,7,1,0,0.215,59.1
corwolv,cormist,8,9,8,4,4,0,-0.063,48.8
corwolv,corraid,7,5,8,0,8,0,-0.427,28.2
corwolv,corstorm,7,11,8,0,8,0,-0.336,27.1
corwolv,corthud,8,10,8,0,8,0,-0.439,23.2
corwolv,corwolv,7,7,8,4,3,1,-0.044,32.9
