match,site,sequence,x,y,rep,x_end,x_team,n_x,n_y,metal_x,metal_y,winner,reason,seconds,contact_seconds,survivors_x,survivors_y,value_left_x,value_left_y,damage_taken_x,damage_taken_y
0,0,1,armwar,corlevlr,0,west,0,4,5,1080,1100,y,wiped,18.5,11.0,0,4,0.000,0.562,6793,3196
0,1,1,armham,corlevlr,2,west,1,10,6,1300,1320,y,wiped,22.5,11.5,0,6,0.000,0.549,11384,3954
1,0,1,armjeth,armart,2,west,1,10,9,1250,1215,y,wiped,50.5,18.5,0,6,0.000,0.539,6892,2729
1,1,1,corraid,armllt,2,west,1,4,11,940,935,x,wiped,54.5,11.5,2,0,0.360,0.000,5226,7489
0,1,2,armstump,cormist,1,east,0,5,7,1125,1085,x,wiped,32.0,7.5,5,0,0.671,0.000,3036,6526
1,0,2,corak,corcrash,1,east,0,29,10,1247,1250,x,wiped,18.0,7.5,29,0,0.865,0.000,1152,6483
0,0,2,armrock,corllt,2,west,1,9,12,1080,1080,x,wiped,59.5,15.0,4,0,0.226,0.000,5205,9133
1,1,2,corraid,corlevlr,3,east,1,5,5,1175,1100,y,wiped,18.5,9.5,0,5,0.000,0.570,10766,3168
0,1,3,corstorm,corstorm,0,west,0,11,11,1210,1210,x,wiped,53.0,11.5,3,0,0.169,0.000,7401,8973
0,0,3,armstump,corgator,3,east,1,6,11,1350,1320,y,wiped,32.5,8.0,0,3,0.000,0.120,11191,8683
1,0,3,corcrash,cormist,1,east,0,10,8,1250,1240,y,wiped,41.5,1.0,0,8,0.000,0.968,6851,235
0,1,4,armjeth,corstorm,0,west,0,7,8,875,880,y,wiped,28.0,10.0,0,8,0.000,1.000,4895,0
1,1,3,corthud,corraid,0,west,0,10,6,1400,1410,x,wiped,45.0,9.0,3,0,0.187,0.000,9643,12808
0,0,4,corcrash,armart,3,east,1,10,9,1250,1215,y,wiped,69.5,19.0,0,5,0.000,0.446,7091,3441
1,1,4,armjeth,corak,2,west,1,10,29,1250,1247,y,wiped,16.0,7.5,0,29,0.000,0.960,6403,342
1,0,4,armrock,armstump,0,west,0,11,6,1320,1350,y,wiped,36.0,10.0,0,6,0.000,0.377,8574,6931
0,1,5,armwar,armllt,1,east,0,5,16,1350,1360,x,wiped,50.0,17.0,3,0,0.457,0.000,4407,10343
0,0,5,armpw,armjanus,1,east,0,22,5,1188,1200,x,wiped,18.0,8.5,6,0,0.167,0.000,9305,5336
1,0,5,corstorm,cormist,0,west,0,7,5,770,775,x,wiped,27.5,8.5,7,0,0.586,0.000,2206,4720
1,1,5,armrock,corstorm,1,east,0,10,11,1200,1210,y,wiped,47.0,10.0,0,4,0.000,0.274,7897,6317
0,1,6,corraid,cormist,2,west,1,6,9,1410,1395,x,wiped,35.0,7.0,6,0,0.674,0.000,4003,8282
0,0,6,armham,armstump,3,east,1,7,4,910,900,x,wiped,32.0,9.5,4,0,0.351,0.000,4864,7589
1,1,6,armflash,corwolv,1,east,0,11,7,1210,1190,x,wiped,17.5,9.0,11,0,0.953,0.000,399,5299
1,0,6,armrock,armham,1,east,0,12,11,1440,1430,y,wiped,35.0,10.0,0,7,0.000,0.357,9907,7612
0,1,7,armrock,cormist,1,east,0,9,7,1080,1085,x,wiped,32.0,8.0,7,0,0.532,0.000,3157,6640
0,0,7,corthud,armflash,1,east,0,8,10,1120,1100,x,wiped,35.5,7.0,2,0,0.022,0.000,9048,8249
1,1,7,corstorm,armart,2,west,1,11,9,1210,1215,x,wiped,26.5,10.0,11,0,0.684,0.000,2709,5862
0,1,8,corak,corgator,1,east,0,28,10,1204,1200,y,wiped,30.0,6.5,0,4,0.000,0.111,8457,7622
0,0,8,armflash,corraid,2,west,1,11,5,1210,1175,x,wiped,31.5,7.5,3,0,0.125,0.000,7794,10351
1,0,7,armflash,armllt,0,west,0,10,13,1100,1105,x,wiped,47.5,-1.0,4,0,0.192,0.000,6104,8498
0,1,9,armflash,armstump,0,west,0,10,5,1100,1125,x,wiped,25.0,7.5,3,0,0.142,0.000,6946,9253
1,1,8,corlevlr,corlevlr,2,west,1,5,5,1100,1100,x,wiped,22.0,12.5,1,0,0.005,0.000,7528,7622
0,0,9,armstump,corgator,0,west,0,6,11,1350,1320,y,wiped,35.5,7.0,0,2,0.000,0.025,11180,9594
0,1,10,armwar,corlevlr,1,east,0,4,5,1080,1100,y,wiped,17.5,11.0,0,5,0.000,0.627,6776,2713
1,0,8,armstump,cormist,3,east,1,5,7,1125,1085,x,wiped,30.5,7.0,5,0,0.670,0.000,3040,6431
1,1,9,armrock,armham,3,east,1,12,11,1440,1430,y,wiped,31.5,10.0,0,8,0.000,0.404,9770,7058
0,1,11,corak,corwolv,2,west,1,28,7,1204,1190,x,wiped,18.5,8.0,21,0,0.512,0.000,4746,5359
0,0,10,corlevlr,armllt,0,west,0,5,13,1100,1105,x,wiped,49.5,20.0,4,0,0.360,0.000,4582,9958
1,0,9,armpw,corraid,1,east,0,26,6,1404,1410,y,wiped,26.5,7.5,0,5,0.000,0.249,11417,9283
1,1,10,corak,corak,3,east,1,28,28,1204,1204,x,wiped,25.5,6.0,6,0,0.101,0.000,7481,8278
0,1,12,corthud,armflash,3,east,1,8,10,1120,1100,y,wiped,45.0,8.0,0,2,0.000,0.080,9237,7425
1,0,10,corlevlr,cormist,0,west,0,5,7,1100,1085,x,wiped,20.0,9.0,5,0,0.716,0.000,2023,6540
0,0,11,corstorm,corraid,2,west,1,11,5,1210,1175,y,wiped,37.5,9.5,0,5,0.000,0.236,8956,7884
1,1,11,corcrash,corraid,3,east,1,11,6,1375,1410,y,wiped,28.0,9.0,0,6,0.000,0.945,7607,690
0,1,13,armrock,corthud,0,west,0,7,6,840,840,y,wiped,28.5,9.5,0,6,0.000,0.469,5570,3616
0,0,12,corak,armart,1,east,0,28,9,1204,1215,x,wiped,20.5,7.5,25,0,0.640,0.000,3038,5685
1,0,11,armjeth,armjanus,3,east,1,10,5,1250,1200,y,wiped,25.5,10.5,0,5,0.000,0.977,7289,123
0,1,14,corak,armstump,2,west,1,26,5,1118,1125,y,wiped,24.5,7.5,0,4,0.000,0.251,8324,6978
0,0,13,corgator,corlevlr,0,west,0,11,6,1320,1320,y,wiped,14.0,8.5,0,6,0.000,0.845,9966,1358
1,1,12,armflash,corllt,3,east,1,9,11,990,990,x,wiped,44.0,8.5,3,0,0.135,0.000,5923,7567
1,0,12,armjanus,corraid,3,east,1,5,5,1200,1175,x,wiped,33.0,10.5,2,0,0.075,0.000,5145,11097
0,1,15,corstorm,corlevlr,2,west,1,10,5,1100,1100,y,wiped,22.5,11.0,0,5,0.000,0.526,8661,3467
1,1,13,armwar,corgator,3,east,1,4,9,1080,1080,x,wiped,20.0,7.0,3,0,0.324,0.000,4441,7695
0,0,14,corthud,armflash,0,west,0,8,10,1120,1100,y,wiped,37.5,7.0,0,3,0.000,0.136,9192,6817
1,0,13,armwar,corak,0,west,0,4,25,1080,1075,x,wiped,18.5,6.5,4,0,0.513,0.000,3205,7374
0,0,15,armjeth,corwolv,2,west,1,11,8,1375,1360,y,wiped,44.0,21.0,0,5,0.000,0.562,7785,3437
1,0,14,armrock,armjeth,0,west,0,10,10,1200,1250,x,wiped,27.0,9.0,10,0,0.965,0.000,269,6815
0,1,16,cormist,cormist,3,east,1,8,8,1240,1240,draw,wiped,73.5,8.0,0,0,0.000,0.000,7501,7501
1,1,14,corstorm,corllt,0,west,0,9,11,990,990,x,wiped,57.0,15.5,4,0,0.283,0.000,4937,8292
0,0,16,armpw,armwar,3,east,1,20,4,1080,1080,y,wiped,22.0,6.5,0,3,0.000,0.153,7869,5610
1,1,15,armpw,corraid,3,east,1,26,6,1404,1410,y,wiped,22.5,7.0,0,6,0.000,0.333,11278,8242
1,0,15,corcrash,corllt,2,west,1,10,14,1250,1260,y,wiped,70.0,14.0,0,14,0.000,1.000,6502,1
0,1,17,armjanus,corllt,1,east,0,6,16,1440,1440,y,wiped,79.5,15.5,0,2,0.000,0.105,6359,11644
0,0,17,armrock,corllt,1,east,0,9,12,1080,1080,x,wiped,47.5,18.0,9,0,0.950,0.000,344,8951
1,1,16,corcrash,armart,1,east,0,10,9,1250,1215,y,wiped,48.5,18.5,0,6,0.000,0.424,7331,3408
1,0,16,corlevlr,corwolv,3,east,1,6,8,1320,1360,x,wiped,17.0,11.0,6,0,0.745,0.000,2291,6742
0,1,18,armham,cormist,0,west,0,6,5,780,775,x,wiped,24.5,8.0,6,0,0.650,0.000,2146,4690
1,1,17,armjeth,corstorm,3,east,1,7,8,875,880,y,wiped,25.5,9.5,0,8,0.000,1.000,4915,0
0,0,18,armstump,corllt,2,west,1,6,15,1350,1350,x,wiped,47.5,11.0,4,0,0.534,0.000,5133,10697
0,1,19,corcrash,armart,0,west,0,10,9,1250,1215,y,wiped,52.5,18.5,0,7,0.000,0.491,7147,2995
1,1,18,armwar,armstump,3,east,1,5,6,1350,1350,x,wiped,31.0,8.0,2,0,0.144,0.000,7176,11219
1,0,17,armart,corllt,0,west,0,8,12,1080,1080,y,wiped,78.0,14.5,0,6,0.000,0.428,5078,4975
0,0,19,corthud,armllt,0,west,0,9,15,1260,1275,x,wiped,48.5,16.0,6,0,0.576,0.000,4312,10631
1,1,19,armjanus,corlevlr,2,west,1,5,5,1200,1100,y,wiped,16.0,10.5,0,5,0.000,0.429,5708,4142
1,0,18,armham,corcrash,3,east,1,9,9,1170,1125,x,wiped,21.0,10.0,9,0,0.996,0.000,38,6457
0,1,20,armham,armham,3,east,1,9,9,1170,1170,y,wiped,46.0,10.5,0,2,0.000,0.102,9821,8871
0,0,20,corthud,corgator,2,west,1,6,7,840,840,y,wiped,27.0,8.0,0,4,0.000,0.145,6917,5186
1,1,20,corak,corcrash,3,east,1,29,10,1247,1250,x,wiped,15.5,7.0,29,0,0.942,0.000,501,6474
0,1,21,armart,corlevlr,1,east,0,8,5,1080,1100,y,wiped,16.0,10.5,0,5,0.000,0.886,5603,863
1,0,19,armstump,armart,3,east,1,6,10,1350,1350,x,wiped,29.5,10.0,6,0,0.472,0.000,5925,6828
0,0,21,armjanus,cormist,0,west,0,5,8,1200,1240,x,wiped,42.5,8.0,3,0,0.218,0.000,4173,8263
1,1,21,corcrash,corraid,0,west,0,11,6,1375,1410,y,wiped,29.5,8.5,0,6,0.000,0.877,7659,1574
0,1,22,corcrash,corwolv,0,west,0,11,8,1375,1360,y,wiped,41.5,20.5,0,6,0.000,0.709,8015,2004
0,0,22,armjeth,armflash,2,west,1,7,8,875,880,y,wiped,17.5,7.0,0,8,0.000,0.958,4456,258
0,0,23,armrock,armstump,3,east,1,11,6,1320,1350,y,wiped,33.5,8.5,0,5,0.000,0.353,8593,7213
0,1,23,corthud,armstump,3,east,1,8,5,1120,1125,x,wiped,43.5,8.5,2,0,0.207,0.000,7464,9572
1,0,20,armjeth,corllt,1,east,0,10,14,1250,1260,y,wiped,66.0,13.0,0,14,0.000,0.999,6397,9
1,1,22,corstorm,corstorm,3,east,1,11,11,1210,1210,y,wiped,52.0,10.0,0,3,0.000,0.132,9355,7521
0,0,24,corcrash,corcrash,1,east,0,10,10,1250,1250,draw,stalemate,60.0,,10,10,1.000,1.000,0,0
0,1,24,corstorm,corllt,1,east,0,9,11,990,990,x,wiped,57.0,15.0,4,0,0.287,0.000,4917,8148
0,0,25,corcrash,armflash,1,east,0,7,8,875,880,y,wiped,15.0,7.0,0,8,0.000,0.974,4526,157
0,1,25,armrock,corthud,1,east,0,7,6,840,840,y,wiped,30.0,9.5,0,5,0.000,0.464,5640,3663
0,0,26,armwar,armjanus,2,west,1,5,6,1350,1440,x,wiped,20.5,9.0,5,0,0.195,0.000,6595,6432
1,1,23,corcrash,armllt,0,west,0,10,15,1250,1275,draw,stalemate,74.5,13.5,10,15,0.915,1.000,557,0
1,0,21,corwolv,corllt,0,west,0,8,15,1360,1350,y,wiped,83.5,16.5,0,7,0.000,0.385,6185,7742
0,1,26,corraid,cormist,3,east,1,6,9,1410,1395,x,wiped,35.5,7.5,6,0,0.675,0.000,4000,8204
1,1,24,corlevlr,corlevlr,3,east,1,5,5,1100,1100,x,wiped,21.0,12.0,2,0,0.008,0.000,7501,7540
1,0,22,armstump,corlevlr,2,west,1,5,5,1125,1100,y,wiped,16.0,9.0,0,5,0.000,0.644,9557,2624
0,0,27,armpw,armham,2,west,1,24,10,1296,1300,y,wiped,38.0,7.5,0,1,0.000,0.031,10295,10206
0,1,27,armrock,corraid,0,west,0,10,5,1200,1175,y,wiped,37.0,9.0,0,3,0.000,0.320,7788,7200
1,1,25,armham,corstorm,0,west,0,11,13,1430,1430,x,wiped,42.5,10.5,5,0,0.196,0.000,9460,10927
1,0,23,corgator,corllt,3,east,1,9,12,1080,1080,x,wiped,43.5,10.0,4,0,0.271,0.000,5556,8262
0,1,28,corthud,corlevlr,1,east,0,8,5,1120,1100,y,wiped,22.0,11.0,0,5,0.000,0.553,9720,3264
0,0,28,armart,corllt,3,east,1,8,12,1080,1080,y,wiped,60.0,14.5,0,9,0.000,0.624,5072,3399
0,1,29,armjeth,corraid,1,east,0,11,6,1375,1410,y,wiped,26.5,9.0,0,6,0.000,0.947,7771,684
1,1,26,corak,corllt,2,west,1,27,13,1161,1170,y,wiped,37.0,9.5,0,2,0.000,0.142,8738,7447
0,0,29,armham,armjanus,2,west,1,11,6,1430,1440,x,wiped,24.5,10.5,5,0,0.372,0.000,7855,6901
1,0,24,corthud,corllt,2,west,1,9,14,1260,1260,x,wiped,42.5,18.0,9,0,0.940,0.000,635,9876
0,1,30,armjeth,corak,3,east,1,10,29,1250,1247,y,wiped,18.0,7.0,0,29,0.000,0.901,6388,847
0,0,30,armham,armstump,1,east,0,7,4,910,900,x,wiped,34.0,8.5,3,0,0.249,0.000,5643,7599
1,0,25,armwar,cormist,1,east,0,4,7,1080,1085,x,wiped,25.5,8.0,4,0,0.592,0.000,2654,6190
0,1,31,armham,armart,3,east,1,9,9,1170,1215,x,wiped,24.5,10.5,8,0,0.708,0.000,2822,5754
1,1,27,armjeth,armart,0,west,0,10,9,1250,1215,y,wiped,52.5,18.0,0,6,0.000,0.502,6971,2964
0,1,32,armpw,armflash,1,east,0,22,11,1188,1210,y,wiped,27.0,6.0,0,3,0.000,0.063,8629,7862
0,0,31,armjeth,armllt,0,west,0,10,15,1250,1275,y,wiped,63.5,13.5,0,15,0.000,1.000,6404,4
1,1,28,armham,armflash,0,west,0,11,13,1430,1430,x,wiped,28.5,7.5,4,0,0.177,0.000,9454,10428
1,0,26,armham,armllt,0,west,0,9,14,1170,1190,x,wiped,44.0,16.0,6,0,0.554,0.000,4118,9855
0,1,33,armrock,armjeth,1,east,0,10,10,1200,1250,x,wiped,25.5,9.0,10,0,0.951,0.000,381,7248
1,0,27,corcrash,corlevlr,1,east,0,7,4,875,880,y,wiped,15.0,10.0,0,4,0.000,0.951,5185,295
1,1,29,armflash,armflash,0,west,0,11,11,1210,1210,x,wiped,28.0,6.0,2,0,0.031,0.000,8140,8445
0,0,32,armflash,armllt,3,east,1,10,13,1100,1105,x,wiped,36.0,8.5,5,0,0.228,0.000,5804,8443
0,1,34,corak,corthud,0,west,0,26,8,1118,1120,y,wiped,28.5,8.0,0,3,0.000,0.282,8424,6631
1,0,28,corlevlr,cormist,1,east,0,5,7,1100,1085,x,wiped,21.0,9.0,5,0,0.709,0.000,2084,6467
0,0,33,armjeth,corlevlr,1,east,0,7,4,875,880,y,wiped,15.0,9.5,0,4,0.000,0.947,5157,316
1,1,30,armflash,armart,2,west,1,11,9,1210,1215,x,wiped,19.0,7.5,11,0,0.745,0.000,2160,5654
0,1,35,corstorm,corcrash,0,west,0,8,7,880,875,x,wiped,24.0,9.5,8,0,1.000,0.000,0,4984
1,1,31,armpw,armwar,0,west,0,20,4,1080,1080,y,wiped,20.5,6.5,0,4,0.000,0.243,7792,4999
0,0,34,armjeth,cormist,0,west,0,10,8,1250,1240,y,wiped,37.5,7.0,0,8,0.000,0.970,6724,213
0,1,36,armart,corraid,1,east,0,7,4,945,940,y,wiped,27.0,9.5,0,4,0.000,0.682,4716,2658
1,0,29,cormist,corllt,0,west,0,7,12,1085,1080,x,wiped,73.0,13.5,7,0,1.000,0.000,0,8274
1,1,32,armwar,corthud,2,west,1,4,8,1080,1120,y,wiped,32.5,9.0,0,2,0.000,0.201,6774,7381
0,1,37,armjanus,armjanus,2,west,1,5,5,1200,1200,x,wiped,19.0,11.0,2,0,0.207,0.000,4787,5792
0,0,35,armart,corwolv,1,east,0,10,8,1350,1360,y,wiped,50.0,14.0,0,3,0.000,0.235,7552,5130
1,1,33,corstorm,armstump,2,west,1,10,5,1100,1125,y,wiped,39.0,9.0,0,3,0.000,0.186,8165,7711
0,1,38,corak,corcrash,2,west,1,29,10,1247,1250,x,wiped,16.5,7.0,29,0,0.834,0.000,1404,6483
1,0,30,armart,armart,3,east,1,9,9,1215,1215,x,wiped,61.5,14.5,2,0,0.177,0.000,5041,6802
1,1,34,armpw,corthud,0,west,0,26,10,1404,1400,y,wiped,33.5,7.0,0,2,0.000,0.039,11435,11137
1,0,31,armpw,armflash,0,west,0,22,11,1188,1210,x,wiped,18.0,6.0,9,0,0.262,0.000,6254,8360
0,0,36,armrock,corthud,2,west,1,7,6,840,840,y,wiped,25.5,10.0,0,6,0.000,0.517,5639,3303
0,1,39,armwar,armstump,2,west,1,5,6,1350,1350,x,wiped,27.5,7.5,4,0,0.200,0.000,6603,11204
0,0,37,corgator,corwolv,3,east,1,10,7,1200,1190,x,wiped,17.5,8.0,10,0,0.769,0.000,1996,5354
1,0,32,armstump,armart,1,east,0,6,10,1350,1350,x,wiped,28.5,9.0,6,0,0.597,0.000,4528,6820
1,1,35,corthud,corthud,2,west,1,9,9,1260,1260,y,wiped,47.0,10.0,0,2,0.000,0.030,10655,10271
0,1,40,armjeth,corgator,2,west,1,10,10,1250,1200,y,wiped,19.0,7.0,0,10,0.000,0.968,6492,273
1,0,33,corak,corwolv,3,east,1,28,7,1204,1190,x,wiped,19.0,8.0,18,0,0.332,0.000,6702,5391
1,1,36,corthud,armjanus,3,east,1,10,6,1400,1440,x,wiped,27.0,10.0,4,0,0.326,0.000,8061,6830
1,0,34,armwar,corwolv,1,east,0,5,8,1350,1360,x,wiped,23.0,9.5,5,0,0.640,0.000,2987,6090
0,1,41,corthud,corraid,3,east,1,10,6,1400,1410,x,wiped,44.5,8.5,2,0,0.151,0.000,10115,12576
0,0,38,armart,armart,0,west,0,9,9,1215,1215,y,wiped,83.0,15.5,0,1,0.000,0.024,6583,6318
0,1,42,corcrash,armflash,0,west,0,7,8,875,880,y,wiped,14.5,7.0,0,8,0.000,0.983,4531,105
1,0,35,armham,armwar,3,east,1,10,5,1300,1350,y,wiped,35.0,9.0,0,3,0.000,0.159,10516,7040
1,1,37,armart,corllt,2,west,1,8,12,1080,1080,y,wiped,67.5,14.5,0,7,0.000,0.455,5104,4817
0,0,39,armrock,corcrash,2,west,1,10,10,1200,1250,x,wiped,30.0,9.0,10,0,0.911,0.000,686,7036
1,0,36,corthud,corcrash,0,west,0,9,10,1260,1250,x,wiped,21.5,9.5,9,0,0.962,0.000,399,7088
0,1,43,armrock,armham,2,west,1,12,11,1440,1430,y,wiped,34.5,10.0,0,6,0.000,0.448,9747,6618
0,0,40,corcrash,armstump,2,west,1,9,5,1125,1125,y,wiped,28.0,8.5,0,5,0.000,0.772,6310,2146
1,1,38,armjeth,armjeth,1,east,0,10,10,1250,1250,draw,stalemate,60.0,,10,10,1.000,1.000,0,0
1,0,37,corthud,armllt,3,east,1,9,15,1260,1275,x,wiped,49.5,16.5,6,0,0.546,0.000,4613,10701
0,0,41,corcrash,corgator,3,east,1,10,10,1250,1200,y,wiped,19.0,7.5,0,10,0.000,0.953,6565,402
0,1,44,armpw,corgator,2,west,1,20,9,1080,1080,x,wiped,48.5,6.5,3,0,0.083,0.000,7261,7725
1,1,39,armham,corgator,3,east,1,11,12,1430,1440,x,wiped,30.5,8.0,5,0,0.199,0.000,9167,10950
1,0,38,armjanus,corraid,1,east,0,5,5,1200,1175,y,wiped,28.5,9.5,0,2,0.000,0.113,5756,9480
0,1,45,armjanus,corgator,2,west,1,5,10,1200,1200,y,wiped,23.0,8.0,0,4,0.000,0.085,5438,8910
0,0,42,armstump,armstump,0,west,0,5,5,1125,1125,y,wiped,42.5,8.0,0,1,0.000,0.009,9604,9522
1,0,39,armrock,armwar,0,west,0,9,4,1080,1080,y,wiped,26.0,9.0,0,4,0.000,0.372,6730,4111
0,1,46,armstump,corraid,3,east,1,5,5,1125,1175,y,wiped,35.0,8.5,0,4,0.000,0.118,9667,9138
1,1,40,armwar,corllt,2,west,1,4,12,1080,1080,x,wiped,55.0,16.0,2,0,0.238,0.000,4992,8236
1,0,40,corcrash,corlevlr,0,west,0,7,4,875,880,y,wiped,15.5,10.0,0,4,0.000,0.905,5329,569
0,1,47,corraid,corlevlr,0,west,0,5,5,1175,1100,y,wiped,17.5,8.5,0,5,0.000,0.617,10362,2822
0,0,43,armjeth,armllt,1,east,0,10,15,1250,1275,y,wiped,61.5,13.0,0,15,0.000,1.000,6394,0
1,1,41,armrock,corwolv,3,east,1,10,7,1200,1190,x,wiped,25.5,10.5,8,0,0.507,0.000,3819,5572
0,1,48,armart,corlevlr,2,west,1,8,5,1080,1100,y,wiped,18.5,11.0,0,5,0.000,0.829,5678,1294
1,0,41,corak,corgator,3,east,1,28,10,1204,1200,y,wiped,30.5,6.0,0,3,0.000,0.149,8437,7311
0,0,44,armham,corlevlr,1,east,0,10,6,1300,1320,y,wiped,21.0,11.0,0,6,0.000,0.597,10649,3540
0,1,49,armpw,armflash,3,east,1,22,11,1188,1210,y,wiped,22.5,6.0,0,5,0.000,0.148,8582,7054
0,0,45,armrock,armflash,1,east,0,10,11,1200,1210,y,wiped,23.0,8.0,0,10,0.000,0.453,7412,4641
1,0,42,armstump,corgator,2,west,1,6,11,1350,1320,y,wiped,29.5,7.0,0,4,0.000,0.105,11223,8587
1,1,42,armstump,corllt,1,east,0,6,15,1350,1350,x,wiped,49.5,11.0,5,0,0.522,0.000,5257,10705
0,1,50,corstorm,corwolv,1,east,0,11,7,1210,1190,x,wiped,25.5,10.5,10,0,0.566,0.000,3802,5579
0,0,46,armwar,cormist,2,west,1,4,7,1080,1085,x,wiped,26.0,8.0,4,0,0.591,0.000,2657,6189
1,1,43,corthud,armjanus,0,west,0,10,6,1400,1440,x,wiped,25.5,10.0,5,0,0.397,0.000,7893,6883
1,0,43,armflash,armllt,1,east,0,10,13,1100,1105,x,wiped,34.0,8.5,6,0,0.381,0.000,4670,8354
0,1,51,armrock,corgator,3,east,1,10,10,1200,1200,y,wiped,24.0,8.0,0,10,0.000,0.499,7449,4252
0,0,47,corthud,armart,2,west,1,9,9,1260,1215,x,wiped,25.5,9.5,9,0,0.715,0.000,2953,5771
0,1,52,armpw,armart,0,west,0,20,8,1080,1080,x,wiped,17.5,8.0,20,0,0.758,0.000,1888,4995
0,0,48,armrock,armstump,2,west,1,11,6,1320,1350,y,wiped,33.5,9.0,0,5,0.000,0.360,8564,7141
1,1,44,corstorm,armllt,3,east,1,10,13,1100,1105,x,wiped,63.5,15.5,5,0,0.302,0.000,5348,9301
1,0,44,armjanus,armllt,1,east,0,5,14,1200,1190,y,wiped,59.5,15.0,0,4,0.000,0.219,5279,9284
0,1,53,corwolv,cormist,0,west,0,8,9,1360,1395,y,wiped,41.0,8.0,0,6,0.000,0.316,6357,6046
0,0,49,armpw,corlevlr,3,east,1,21,5,1134,1100,y,wiped,13.0,7.5,0,5,0.000,0.794,9917,1522
0,1,54,armham,armart,1,east,0,9,9,1170,1215,x,wiped,24.0,10.5,9,0,0.693,0.000,2912,5764
1,0,45,armjanus,corraid,2,west,1,5,5,1200,1175,y,wiped,26.0,9.0,0,2,0.000,0.038,5644,10131
0,1,55,corak,corlevlr,0,west,0,31,6,1333,1320,y,wiped,14.0,8.0,0,6,0.000,0.875,11778,1095
1,0,46,armjanus,corlevlr,3,east,1,5,5,1200,1100,y,wiped,16.5,11.0,0,5,0.000,0.441,5778,4054
1,1,45,armjeth,corcrash,3,east,1,10,10,1250,1250,draw,stalemate,60.0,,10,10,1.000,1.000,0,0
0,0,50,corcrash,armllt,2,west,1,10,15,1250,1275,y,wiped,73.0,14.0,0,15,0.000,1.000,6526,1
0,1,56,corthud,corcrash,1,east,0,9,10,1260,1250,x,wiped,22.0,9.0,9,0,0.989,0.000,118,6869
1,0,47,armpw,armjanus,3,east,1,22,5,1188,1200,x,wiped,15.5,8.0,15,0,0.563,0.000,4731,5329
1,1,46,armham,corwolv,3,east,1,9,7,1170,1190,x,wiped,21.5,11.0,9,0,0.536,0.000,4403,5839
1,0,48,armpw,armrock,3,east,1,20,9,1080,1080,x,wiped,20.0,7.5,14,0,0.421,0.000,5098,6694
0,0,51,armham,corllt,0,west,0,9,13,1170,1170,x,wiped,48.0,15.5,5,0,0.513,0.000,4501,9372
1,1,47,cormist,cormist,0,west,0,8,8,1240,1240,y,wiped,49.0,8.5,0,4,0.000,0.092,7510,6680
1,0,49,armham,armjeth,1,east,0,9,9,1170,1125,x,wiped,23.0,9.5,9,0,0.994,0.000,60,6530
0,1,57,armpw,armllt,0,west,0,22,14,1188,1190,y,wiped,44.0,11.0,0,2,0.000,0.118,9081,7715
1,0,50,armstump,corraid,1,east,0,5,5,1125,1175,y,wiped,35.5,8.5,0,4,0.000,0.138,9646,8933
1,1,48,corthud,armstump,1,east,0,8,5,1120,1125,x,wiped,38.5,8.5,3,0,0.250,0.000,7137,9525
0,1,58,armham,armwar,0,west,0,10,5,1300,1350,y,wiped,34.5,9.0,0,1,0.000,0.124,10521,7365
0,0,52,cormist,cormist,1,east,0,8,8,1240,1240,x,wiped,48.5,8.0,4,0,0.136,0.000,6303,7387
1,0,51,corak,corstorm,3,east,1,28,11,1204,1210,y,wiped,30.0,7.5,0,5,0.000,0.220,10099,6690
1,1,49,corgator,armllt,1,east,0,10,14,1200,1190,x,wiped,40.0,10.0,7,0,0.443,0.000,4667,9146
0,1,59,armham,armjeth,0,west,0,9,9,1170,1125,x,wiped,20.5,9.5,9,0,0.985,0.000,140,6431
1,1,50,armpw,armstump,1,east,0,21,5,1134,1125,x,wiped,22.0,7.0,5,0,0.188,0.000,7262,9310
0,0,53,armham,corgator,2,west,1,11,12,1430,1440,x,wiped,40.0,8.0,1,0,0.000,0.000,11598,10878
1,0,52,armham,corgator,0,west,0,11,12,1430,1440,y,wiped,35.5,8.0,0,3,0.000,0.059,11567,10098
0,0,54,armjeth,corgator,0,west,0,10,10,1250,1200,y,wiped,19.0,7.5,0,10,0.000,0.918,6434,705
0,1,60,armham,armflash,1,east,0,11,13,1430,1430,y,wiped,42.5,7.5,0,4,0.000,0.099,11539,9501
1,1,51,corgator,corgator,3,east,1,10,10,1200,1200,x,wiped,47.0,6.5,1,0,0.020,0.000,8471,8666
1,0,53,armstump,corraid,0,west,0,5,5,1125,1175,y,wiped,45.5,8.5,0,1,0.000,0.092,9674,9654
0,1,61,armstump,corlevlr,0,west,0,5,5,1125,1100,y,wiped,16.0,9.0,0,5,0.000,0.644,9601,2632
1,0,54,armrock,corlevlr,0,west,0,11,6,1320,1320,y,wiped,20.0,10.5,0,6,0.000,0.666,9101,2918
0,0,55,armart,corwolv,0,west,0,10,8,1350,1360,y,wiped,43.5,14.5,0,4,0.000,0.262,7114,4847
1,1,52,corak,corthud,3,east,1,26,8,1118,1120,y,wiped,25.0,7.5,0,4,0.000,0.382,8839,5694
0,1,62,corcrash,armflash,3,east,1,7,8,875,880,y,wiped,14.5,7.5,0,8,0.000,0.987,4537,83
0,0,56,corcrash,corlevlr,2,west,1,7,4,875,880,y,wiped,15.5,10.0,0,4,0.000,0.954,5056,275
1,0,55,corstorm,corgator,2,west,1,11,10,1210,1200,y,wiped,25.0,8.0,0,10,0.000,0.409,8501,5012
0,1,63,armjeth,armjanus,2,west,1,10,5,1250,1200,y,wiped,18.5,9.5,0,5,0.000,0.907,7427,497
1,1,53,armham,armwar,1,east,0,10,5,1300,1350,y,wiped,33.5,9.0,0,3,0.000,0.207,10524,6625
0,1,64,corthud,corwolv,3,east,1,10,8,1400,1360,x,wiped,24.5,10.0,9,0,0.645,0.000,4214,6689
1,1,54,armjeth,corraid,0,west,0,11,6,1375,1410,y,wiped,26.0,8.5,0,6,0.000,0.915,7550,1080
0,0,57,armjeth,corwolv,1,east,0,11,8,1375,1360,y,wiped,42.5,21.0,0,5,0.000,0.593,8125,3088
1,0,56,armjeth,armjeth,0,west,0,10,10,1250,1250,draw,stalemate,60.0,,10,10,1.000,1.000,0,0
0,1,65,corstorm,armflash,1,east,0,11,11,1210,1210,y,wiped,32.0,7.5,0,8,0.000,0.309,8431,6076
0,0,58,armwar,cormist,0,west,0,4,7,1080,1085,x,wiped,26.5,8.0,4,0,0.582,0.000,2722,6189
1,1,55,corgator,corraid,3,east,1,10,5,1200,1175,x,wiped,30.0,7.0,3,0,0.146,0.000,7591,10341
1,0,57,armpw,armwar,2,west,1,20,4,1080,1080,x,wiped,21.5,6.5,3,0,0.099,0.000,7068,6643
0,0,59,corraid,cormist,1,east,0,6,9,1410,1395,x,wiped,34.0,7.5,6,0,0.665,0.000,4127,8383
0,1,66,corstorm,armjanus,0,west,0,11,5,1210,1200,x,wiped,40.0,10.5,3,0,0.182,0.000,8367,5666
1,1,56,corcrash,armjanus,1,east,0,10,5,1250,1200,y,wiped,25.5,10.0,0,5,0.000,0.916,7813,460
1,0,58,armpw,armrock,0,west,0,20,9,1080,1080,x,wiped,22.0,7.0,10,0,0.199,0.000,6892,6709
0,0,60,armflash,corgator,2,west,1,11,10,1210,1200,x,wiped,30.0,6.0,3,0,0.145,0.000,7223,8576
1,1,57,corak,armjanus,0,west,0,28,5,1204,1200,y,wiped,24.0,8.0,0,4,0.000,0.245,11424,4066
0,1,67,armham,corllt,2,west,1,9,13,1170,1170,x,wiped,45.5,15.5,6,0,0.528,0.000,4346,9394
0,0,61,armjeth,corak,1,east,0,10,29,1250,1247,y,wiped,18.0,7.0,0,29,0.000,0.930,6351,603
1,0,59,armham,corgator,1,east,0,11,12,1430,1440,x,wiped,36.0,8.0,3,0,0.023,0.000,11289,10689
0,1,68,corraid,corwolv,2,west,1,5,7,1175,1190,x,wiped,26.5,10.5,5,0,0.603,0.000,4148,5512
0,0,62,armpw,armjeth,0,west,0,23,10,1242,1250,x,wiped,16.0,7.5,23,0,0.829,0.000,1517,6382
1,1,58,armart,cormist,0,west,0,8,7,1080,1085,y,wiped,41.0,8.5,0,4,0.000,0.411,5269,3839
1,0,60,corthud,armart,0,west,0,9,9,1260,1215,x,wiped,27.0,10.0,9,0,0.697,0.000,3135,5704
0,1,69,armjanus,armjanus,0,west,0,5,5,1200,1200,x,wiped,26.0,11.0,2,0,0.077,0.000,5387,6238
0,0,63,armpw,corthud,3,east,1,26,10,1404,1400,y,wiped,31.0,7.5,0,2,0.000,0.141,11183,9909
1,1,59,corthud,corgator,0,west,0,6,7,840,840,y,wiped,31.5,8.0,0,5,0.000,0.197,6885,4961
1,0,61,corak,armllt,0,west,0,28,14,1204,1190,y,wiped,34.0,9.5,0,6,0.000,0.287,8796,6436
0,1,70,armflash,corraid,1,east,0,11,5,1210,1175,y,wiped,29.5,7.5,0,2,0.000,0.007,8959,10278
0,0,64,armham,corstorm,1,east,0,11,13,1430,1430,x,wiped,35.5,10.5,8,0,0.433,0.000,6714,10908
1,1,60,armham,corraid,0,west,0,9,5,1170,1175,x,wiped,39.0,9.0,3,0,0.183,0.000,7976,10513
1,0,62,corstorm,armflash,3,east,1,11,11,1210,1210,y,wiped,29.0,7.5,0,9,0.000,0.381,8431,5247
0,1,71,corstorm,armart,3,east,1,11,9,1210,1215,x,wiped,29.0,10.0,10,0,0.707,0.000,2503,5804
1,0,63,armpw,armart,2,west,1,20,8,1080,1080,x,wiped,17.5,8.5,20,0,0.858,0.000,1103,5005
0,0,65,armham,cormist,3,east,1,6,5,780,775,x,wiped,26.5,7.5,6,0,0.660,0.000,2082,4716
0,1,72,armjeth,armflash,0,west,0,7,8,875,880,y,wiped,16.5,7.0,0,8,0.000,0.981,4465,120
1,1,61,corstorm,corstorm,1,east,0,11,11,1210,1210,x,wiped,58.5,10.0,2,0,0.130,0.000,7972,9184
1,0,64,armjeth,corstorm,1,east,0,7,8,875,880,y,wiped,26.0,9.5,0,8,0.000,0.990,4615,60
1,1,62,armham,corwolv,0,west,0,9,7,1170,1190,x,wiped,21.5,11.0,9,0,0.700,0.000,2811,5847
1,0,65,armrock,armflash,2,west,1,10,11,1200,1210,y,wiped,21.0,7.5,0,11,0.000,0.599,7393,3336
0,1,73,corak,corraid,2,west,1,33,6,1419,1410,y,wiped,29.0,7.5,0,4,0.000,0.384,10980,7676
0,0,66,armwar,armllt,3,east,1,5,16,1350,1360,x,wiped,51.5,16.0,3,0,0.410,0.000,4811,10372
1,0,66,armjeth,corthud,0,west,0,10,9,1250,1260,y,wiped,26.0,9.0,0,9,0.000,0.938,6867,646
1,1,63,armrock,cormist,0,west,0,9,7,1080,1085,x,wiped,27.5,8.0,8,0,0.521,0.000,3216,6620
0,0,67,corak,corwolv,0,west,0,28,7,1204,1190,x,wiped,17.0,8.0,28,0,0.910,0.000,728,5306
0,1,74,armflash,armflash,3,east,1,11,11,1210,1210,y,wiped,25.0,6.0,0,2,0.000,0.051,8452,7955
0,0,68,corthud,armart,3,east,1,9,9,1260,1215,x,wiped,25.0,10.0,9,0,0.737,0.000,2722,5668
1,1,64,corgator,corraid,1,east,0,10,5,1200,1175,x,wiped,35.5,7.0,2,0,0.103,0.000,7982,10406
0,1,75,corraid,corwolv,0,west,0,5,7,1175,1190,x,wiped,26.5,9.5,5,0,0.574,0.000,4414,5449
1,0,67,armrock,armrock,3,east,1,10,10,1200,1200,y,wiped,46.0,9.5,0,3,0.000,0.132,7957,6892
0,0,69,armrock,corcrash,1,east,0,10,10,1200,1250,x,wiped,31.5,9.0,10,0,0.980,0.000,152,7197
1,1,65,armrock,corcrash,3,east,1,10,10,1200,1250,x,wiped,31.0,9.5,10,0,0.927,0.000,555,7005
1,0,68,armrock,cormist,2,west,1,9,7,1080,1085,x,wiped,28.5,7.5,8,0,0.539,0.000,3092,6629
1,1,66,armflash,corwolv,3,east,1,11,7,1210,1190,x,wiped,16.5,8.0,11,0,0.944,0.000,467,5278
0,1,76,armstump,armllt,0,west,0,6,16,1350,1360,x,wiped,59.5,11.0,4,0,0.457,0.000,6009,10794
1,0,69,armpw,armpw,1,east,0,22,22,1188,1188,x,wiped,25.5,6.0,4,0,0.098,0.000,7686,8579
0,0,70,corgator,corllt,1,east,0,9,12,1080,1080,x,wiped,37.0,11.5,8,0,0.827,0.000,1364,8036
1,0,70,armrock,corak,2,west,1,10,28,1200,1204,y,wiped,24.0,7.5,0,14,0.000,0.270,7567,6692
0,0,71,armham,corcrash,2,west,1,9,9,1170,1125,x,wiped,21.5,10.0,9,0,0.983,0.000,160,6549
0,1,77,corlevlr,corllt,1,east,0,5,12,1100,1080,x,wiped,50.0,19.5,4,0,0.509,0.000,3524,9387
1,1,67,corcrash,corllt,3,east,1,10,14,1250,1260,y,wiped,68.0,13.5,0,14,0.000,1.000,6525,3
0,0,72,armpw,corstorm,3,east,1,22,11,1188,1210,x,wiped,21.0,7.5,12,0,0.159,0.000,7958,8508
1,1,68,armwar,armart,3,east,1,4,8,1080,1080,x,wiped,21.5,9.0,4,0,0.712,0.000,1929,5044
0,1,78,armwar,corstorm,0,west,0,4,10,1080,1100,x,wiped,29.0,9.0,2,0,0.352,0.000,4463,7709
1,0,71,armjeth,corcrash,1,east,0,10,10,1250,1250,draw,stalemate,60.0,,10,10,1.000,1.000,0,0
0,0,73,armpw,corlevlr,2,west,1,21,5,1134,1100,y,wiped,13.0,7.5,0,5,0.000,0.683,9880,2349
1,0,72,corak,corlevlr,2,west,1,31,6,1333,1320,y,wiped,13.5,8.0,0,6,0.000,0.885,11591,1015
0,1,79,corcrash,corgator,0,west,0,10,10,1250,1200,y,wiped,17.5,7.5,0,10,0.000,0.971,6571,254
0,0,74,corlevlr,corlevlr,1,east,0,5,5,1100,1100,draw,wiped,21.5,12.0,0,0,0.000,0.000,7702,7694
1,1,69,armjeth,corwolv,0,west,0,11,8,1375,1360,y,wiped,49.5,21.5,0,6,0.000,0.634,8341,2641
1,0,73,corstorm,cormist,2,west,1,7,5,770,775,x,wiped,27.5,8.0,7,0,0.608,0.000,2080,4726
0,1,80,armham,corraid,2,west,1,9,5,1170,1175,x,wiped,36.5,9.5,4,0,0.333,0.000,6520,10537
0,0,75,armham,corraid,1,east,0,9,5,1170,1175,x,wiped,36.0,9.0,4,0,0.336,0.000,6434,10617
1,1,70,armham,corstorm,3,east,1,11,13,1430,1430,x,wiped,35.0,10.0,7,0,0.362,0.000,7600,10881
1,0,74,corak,corraid,1,east,0,33,6,1419,1410,y,wiped,26.0,7.0,0,5,0.000,0.383,10707,7704
0,1,81,corraid,corlevlr,1,east,0,5,5,1175,1100,y,wiped,18.0,9.0,0,5,0.000,0.578,10577,3118
0,0,76,armstump,armart,0,west,0,6,10,1350,1350,x,wiped,29.0,9.0,6,0,0.540,0.000,5167,6768
1,0,75,corak,corstorm,0,west,0,28,11,1204,1210,x,wiped,45.5,7.5,3,0,0.031,0.000,9579,8644
1,1,71,corstorm,armllt,1,east,0,10,13,1100,1105,x,wiped,55.0,15.0,5,0,0.369,0.000,4806,9402
1,1,72,armart,corgator,1,east,0,8,9,1080,1080,y,wiped,18.5,8.0,0,9,0.000,0.668,5059,2611
0,1,82,corcrash,cormist,0,west,0,10,8,1250,1240,y,wiped,38.5,7.5,0,8,0.000,0.953,6731,342
0,0,77,armrock,corcrash,0,west,0,10,10,1200,1250,x,wiped,28.0,9.0,10,0,0.979,0.000,157,7468
1,0,76,armjeth,armjeth,3,east,1,10,10,1250,1250,draw,stalemate,60.0,,10,10,1.000,1.000,0,0
1,1,73,corthud,corwolv,1,east,0,10,8,1400,1360,x,wiped,23.0,10.0,10,0,0.476,0.000,6049,6686
0,1,83,armpw,cormist,1,east,0,23,8,1242,1240,x,wiped,28.0,6.0,17,0,0.366,0.000,5724,7062
0,0,78,corak,corthud,2,west,1,26,8,1118,1120,y,wiped,29.5,7.5,0,3,0.000,0.240,8600,7013
1,0,77,armpw,armjanus,2,west,1,22,5,1188,1200,x,wiped,19.0,8.0,5,0,0.191,0.000,9052,5420
1,1,74,armpw,corgator,1,east,0,20,9,1080,1080,y,wiped,35.5,6.0,0,1,0.000,0.040,7961,7409
0,1,84,armart,corgator,3,east,1,8,9,1080,1080,y,wiped,18.0,8.0,0,8,0.000,0.812,5063,1466
1,0,78,armflash,armstump,3,east,1,10,5,1100,1125,x,wiped,23.0,7.0,6,0,0.265,0.000,5662,9270
1,1,75,armstump,corlevlr,1,east,0,5,5,1125,1100,y,wiped,18.0,9.0,0,4,0.000,0.617,9423,2826
0,1,85,corthud,cormist,1,east,0,10,9,1400,1395,x,wiped,30.0,8.0,10,0,0.669,0.000,3733,8471
1,0,79,armstump,corwolv,3,east,1,6,8,1350,1360,x,wiped,29.5,9.0,6,0,0.454,0.000,6156,6292
0,0,79,armjanus,corllt,2,west,1,6,16,1440,1440,y,wiped,83.5,15.0,0,1,0.000,0.047,6406,12580
1,1,76,cormist,cormist,2,west,1,8,8,1240,1240,y,wiped,46.5,8.5,0,4,0.000,0.108,7506,6553
1,0,80,corstorm,armjanus,1,east,0,11,5,1210,1200,x,wiped,33.5,10.0,5,0,0.299,0.000,6723,5713
1,1,77,armham,armjanus,1,east,0,11,6,1430,1440,x,wiped,30.0,10.5,3,0,0.129,0.000,11438,6904
0,0,80,corstorm,corraid,0,west,0,11,5,1210,1175,y,wiped,48.0,9.0,0,3,0.000,0.134,8966,9109
1,0,81,corcrash,corwolv,3,east,1,11,8,1375,1360,y,wiped,49.5,22.0,0,6,0.000,0.636,8308,2767
0,1,86,corwolv,armllt,3,east,1,7,14,1190,1190,y,wiped,88.0,16.5,0,4,0.000,0.228,5452,8188
1,1,78,armstump,corwolv,0,west,0,6,8,1350,1360,x,wiped,26.5,9.5,5,0,0.463,0.000,6208,6328
0,0,81,armwar,corthud,3,east,1,4,8,1080,1120,y,wiped,29.0,9.0,0,4,0.000,0.277,6759,6640
1,0,82,armwar,corlevlr,2,west,1,4,5,1080,1100,y,wiped,18.0,10.0,0,3,0.000,0.546,6744,3296
1,1,79,armpw,armrock,2,west,1,20,9,1080,1080,x,wiped,20.0,7.0,15,0,0.295,0.000,5645,6713
1,0,83,armham,corwolv,1,east,0,9,7,1170,1190,x,wiped,22.5,10.5,9,0,0.623,0.000,3569,5839
0,0,82,armflash,armstump,1,east,0,10,5,1100,1125,x,wiped,27.0,7.0,4,0,0.279,0.000,5712,9262
1,1,80,armwar,armart,1,east,0,4,8,1080,1080,x,wiped,21.5,9.0,4,0,0.759,0.000,1607,5031
1,0,84,armwar,corgator,0,west,0,4,9,1080,1080,x,wiped,19.5,7.0,4,0,0.370,0.000,4120,7712
0,1,87,armjanus,corllt,0,west,0,6,16,1440,1440,x,wiped,86.0,15.0,1,0,0.006,0.000,6393,13700
1,1,81,corcrash,corraid,1,east,0,11,6,1375,1410,y,wiped,26.0,9.0,0,6,0.000,0.960,7857,497
0,0,83,corgator,armllt,3,east,1,10,14,1200,1190,x,wiped,45.0,10.5,5,0,0.375,0.000,5302,9174
1,1,82,armrock,corraid,1,east,0,10,5,1200,1175,y,wiped,40.0,8.5,0,3,0.000,0.265,7878,7757
0,1,88,corwolv,corwolv,3,east,1,7,7,1190,1190,y,wiped,46.0,14.5,0,1,0.000,0.010,6036,5783
1,0,85,corraid,armllt,1,east,0,4,11,940,935,x,wiped,55.0,12.0,2,0,0.368,0.000,5168,7580
0,1,89,corgator,corlevlr,3,east,1,11,6,1320,1320,y,wiped,13.5,8.0,0,6,0.000,0.871,9922,1136
0,0,84,corlevlr,corllt,3,east,1,5,12,1100,1080,x,wiped,57.0,19.5,2,0,0.299,0.000,5057,9385
1,0,86,armpw,corstorm,1,east,0,22,11,1188,1210,x,wiped,22.5,7.5,11,0,0.283,0.000,7126,8466
1,1,83,corstorm,armart,1,east,0,11,9,1210,1215,x,wiped,30.5,10.5,10,0,0.648,0.000,3116,5936
1,1,84,corak,corlevlr,1,east,0,31,6,1333,1320,y,wiped,15.0,8.0,0,6,0.000,0.900,11684,878
1,0,87,armjanus,corgator,1,east,0,5,10,1200,1200,y,wiped,23.0,8.0,0,3,0.000,0.092,5449,8695
0,1,90,corstorm,armstump,3,east,1,10,5,1100,1125,y,wiped,38.5,9.0,0,4,0.000,0.293,8196,6613
1,1,85,armart,corraid,2,west,1,7,4,945,940,y,wiped,25.0,9.5,0,4,0.000,0.647,4778,2952
0,0,85,corstorm,armllt,2,west,1,10,13,1100,1105,x,wiped,61.0,15.5,5,0,0.269,0.000,5688,9268
1,0,88,armjeth,cormist,1,east,0,10,8,1250,1240,y,wiped,36.0,7.5,0,8,0.000,0.950,6652,371
0,1,91,armham,corllt,1,east,0,9,13,1170,1170,x,wiped,44.0,15.5,7,0,0.536,0.000,4250,9372
1,0,89,armpw,corcrash,1,east,0,23,10,1242,1250,x,wiped,15.0,8.0,23,0,0.818,0.000,1624,6462
0,0,86,armwar,corstorm,3,east,1,4,10,1080,1100,x,wiped,36.0,9.0,2,0,0.191,0.000,5554,7734
1,1,86,corak,armllt,3,east,1,28,14,1204,1190,y,wiped,53.0,9.5,0,2,0.000,0.117,8893,7963
0,1,92,armham,armwar,2,west,1,10,5,1300,1350,x,wiped,36.0,9.0,3,0,0.131,0.000,9108,8491
1,0,90,corak,corthud,1,east,0,26,8,1118,1120,y,wiped,29.5,7.5,0,2,0.000,0.247,8924,6950
0,0,87,corstorm,corraid,3,east,1,11,5,1210,1175,y,wiped,39.0,9.0,0,5,0.000,0.249,8946,7752
1,1,87,corthud,cormist,2,west,1,10,9,1400,1395,x,wiped,29.0,8.0,10,0,0.663,0.000,3802,8473
1,0,91,armrock,armwar,1,east,0,9,4,1080,1080,y,wiped,26.0,8.5,0,4,0.000,0.421,6741,3783
0,1,93,armrock,armrock,1,east,0,10,10,1200,1200,x,wiped,45.0,9.5,4,0,0.320,0.000,5357,7991
0,0,88,armjeth,armjanus,0,west,0,10,5,1250,1200,y,wiped,25.0,10.0,0,5,0.000,0.996,7443,21
1,1,88,armwar,armwar,1,east,0,4,4,1080,1080,y,wiped,24.0,9.0,0,3,0.000,0.010,6601,6538
1,0,92,armflash,corwolv,0,west,0,11,7,1210,1190,x,wiped,18.5,8.0,11,0,0.956,0.000,368,5285
1,1,89,armwar,armwar,3,east,1,4,4,1080,1080,y,wiped,23.0,9.0,0,3,0.000,0.018,6611,6475
0,0,89,armjeth,cormist,2,west,1,10,8,1250,1240,y,wiped,37.5,7.0,0,8,0.000,0.966,6597,247
0,1,94,corthud,corraid,1,east,0,10,6,1400,1410,x,wiped,48.0,9.0,2,0,0.086,0.000,10902,12723
0,1,95,corcrash,cormist,2,west,1,10,8,1250,1240,y,wiped,36.5,7.5,0,8,0.000,0.961,6728,282
1,0,93,cormist,corllt,3,east,1,7,12,1085,1080,x,wiped,75.0,13.5,7,0,1.000,0.000,0,8334
1,1,90,armwar,armllt,2,west,1,5,16,1350,1360,x,wiped,51.5,16.5,4,0,0.404,0.000,4844,10368
0,0,90,armjeth,armjeth,2,west,1,10,10,1250,1250,draw,stalemate,60.0,,10,10,1.000,1.000,0,0
0,1,96,corthud,corcrash,3,east,1,9,10,1260,1250,x,wiped,21.0,9.0,9,0,0.979,0.000,221,6873
1,1,91,armstump,cormist,0,west,0,5,7,1125,1085,x,wiped,30.0,7.0,5,0,0.683,0.000,2912,6427
0,0,91,corak,cormist,0,west,0,29,8,1247,1240,x,wiped,32.5,7.0,17,0,0.317,0.000,5983,7125
1,0,94,corthud,corthud,3,east,1,9,9,1260,1260,y,wiped,54.0,10.0,0,1,0.000,0.000,10655,10606
0,1,97,corstorm,corlevlr,1,east,0,10,5,1100,1100,y,wiped,25.0,10.5,0,5,0.000,0.558,8497,3235
1,0,95,armpw,corcrash,3,east,1,23,10,1242,1250,x,wiped,15.0,7.5,23,0,0.831,0.000,1519,6461
0,1,98,armwar,armflash,3,east,1,4,10,1080,1100,x,wiped,19.5,6.5,4,0,0.301,0.000,4597,7724
1,1,92,corstorm,armjanus,2,west,1,11,5,1210,1200,x,wiped,41.0,10.5,2,0,0.113,0.000,8766,5532
0,0,92,armart,armart,2,west,1,9,9,1215,1215,y,wiped,57.0,14.0,0,2,0.000,0.222,6312,5016
1,1,93,corgator,cormist,0,west,0,9,7,1080,1085,x,wiped,21.0,7.0,9,0,0.650,0.000,2645,6191
0,1,99,armpw,armham,1,east,0,24,10,1296,1300,x,wiped,38.0,7.5,2,0,0.020,0.000,10317,10491
1,0,96,corwolv,armllt,1,east,0,7,14,1190,1190,y,wiped,73.5,16.5,0,8,0.000,0.479,5356,5484
1,1,94,armstump,corllt,3,east,1,6,15,1350,1350,x,wiped,47.0,11.0,5,0,0.534,0.000,5132,10823
0,0,93,armjeth,armart,1,east,0,10,9,1250,1215,y,wiped,67.5,18.5,0,5,0.000,0.438,7300,3494
0,1,100,corraid,corllt,1,east,0,5,13,1175,1170,x,wiped,52.0,11.5,4,0,0.480,0.000,5306,9408
1,0,97,armpw,armart,3,east,1,20,8,1080,1080,x,wiped,17.0,8.0,20,0,0.829,0.000,1323,4991
1,1,95,corlevlr,cormist,3,east,1,5,7,1100,1085,x,wiped,21.0,9.0,5,0,0.699,0.000,2150,6548
0,0,94,armflash,armflash,1,east,0,11,11,1210,1210,x,wiped,25.0,6.0,3,0,0.078,0.000,7732,8415
1,0,98,armham,corwolv,2,west,1,9,7,1170,1190,x,wiped,21.5,11.0,9,0,0.741,0.000,2430,5870
0,1,101,cormist,armllt,0,west,0,6,11,930,935,x,wiped,59.5,14.0,6,0,1.000,0.000,0,7093
0,0,95,corcrash,corcrash,3,east,1,10,10,1250,1250,draw,stalemate,60.0,,10,10,1.000,1.000,0,0
1,0,99,corthud,armstump,2,west,1,8,5,1120,1125,x,wiped,36.0,8.5,3,0,0.294,0.000,6711,9503
0,1,102,corthud,corlevlr,0,west,0,8,5,1120,1100,y,wiped,23.5,11.0,0,4,0.000,0.483,9705,3763
0,0,96,corstorm,armart,0,west,0,11,9,1210,1215,x,wiped,29.5,10.0,11,0,0.664,0.000,2911,6026
1,0,100,armwar,armflash,1,east,0,4,10,1080,1100,x,wiped,17.0,6.5,3,0,0.323,0.000,4449,7672
1,1,96,corwolv,corllt,1,east,0,8,15,1360,1350,y,wiped,85.0,16.0,0,7,0.000,0.399,6193,6979
0,1,103,corlevlr,armllt,2,west,1,5,13,1100,1105,x,wiped,47.5,19.5,4,0,0.378,0.000,4429,10053
1,0,101,corak,armart,3,east,1,28,9,1204,1215,x,wiped,21.5,7.5,24,0,0.544,0.000,3920,5658
0,0,97,armjeth,corcrash,0,west,0,10,10,1250,1250,draw,stalemate,60.0,,10,10,1.000,1.000,0,0
1,1,97,corcrash,corcrash,2,west,1,10,10,1250,1250,draw,stalemate,60.0,,10,10,1.000,1.000,0,0
0,1,104,armjeth,armart,3,east,1,10,9,1250,1215,y,wiped,49.0,18.5,0,6,0.000,0.568,7141,2649
1,0,102,armrock,armjanus,3,east,1,10,5,1200,1200,y,wiped,40.5,10.5,0,1,0.000,0.129,8319,4797
0,0,98,armpw,armrock,1,east,0,20,9,1080,1080,x,wiped,19.5,7.5,13,0,0.350,0.000,5551,6694
1,1,98,armpw,corcrash,0,west,0,23,10,1242,1250,x,wiped,15.0,7.5,23,0,0.778,0.000,1978,6440
0,0,99,corstorm,cormist,1,east,0,7,5,770,775,x,wiped,28.0,7.5,7,0,0.632,0.000,1955,4778
0,1,105,armjeth,corllt,2,west,1,10,14,1250,1260,y,wiped,68.0,13.0,0,14,0.000,1.000,6373,2
0,0,100,armpw,armstump,0,west,0,21,5,1134,1125,x,wiped,23.5,7.0,4,0,0.121,0.000,7820,9313
1,1,99,armwar,corllt,3,east,1,4,12,1080,1080,x,wiped,41.0,17.5,4,0,1.000,0.000,0,7918
1,0,103,armjeth,armllt,3,east,1,10,15,1250,1275,y,wiped,63.0,14.0,0,15,0.000,0.999,6396,8
0,1,106,corak,corraid,3,east,1,33,6,1419,1410,y,wiped,26.0,7.0,0,6,0.000,0.385,10717,7641
0,0,101,armwar,cormist,3,east,1,4,7,1080,1085,x,wiped,28.0,8.0,4,0,0.591,0.000,2657,6200
1,1,100,armpw,armham,3,east,1,24,10,1296,1300,y,wiped,25.0,8.5,0,3,0.000,0.217,10192,8178
0,1,107,armham,armjanus,3,east,1,11,6,1430,1440,x,wiped,23.5,10.5,5,0,0.344,0.000,8300,6902
0,0,102,armjanus,armart,1,east,0,5,9,1200,1215,x,wiped,33.5,11.0,5,0,0.435,0.000,3080,6704
0,1,108,armwar,armart,0,west,0,4,8,1080,1080,x,wiped,21.5,9.0,4,0,0.828,0.000,1149,5027
1,0,104,armjeth,corllt,0,west,0,10,14,1250,1260,y,wiped,59.0,13.5,0,14,0.000,0.951,6389,459
1,1,101,corak,corllt,1,east,0,27,13,1161,1170,y,wiped,45.5,11.0,0,2,0.000,0.050,10036,8128
0,1,109,armwar,armflash,2,west,1,4,10,1080,1100,x,wiped,17.0,6.5,4,0,0.315,0.000,4495,7630
0,0,103,armpw,corllt,2,west,1,20,12,1080,1080,y,wiped,35.5,9.5,0,3,0.000,0.181,8005,6687
1,0,105,armwar,corcrash,1,east,0,5,11,1350,1375,x,wiped,19.5,8.5,5,0,0.998,0.000,16,7162
0,1,110,corraid,corraid,1,east,0,5,5,1175,1175,x,wiped,35.5,8.5,4,0,0.243,0.000,7863,10571
1,1,102,corlevlr,corwolv,1,east,0,6,8,1320,1360,x,wiped,20.5,12.0,6,0,0.722,0.000,2480,6847
0,0,104,corwolv,corwolv,1,east,0,7,7,1190,1190,y,wiped,62.5,14.5,0,1,0.000,0.002,6068,6093
1,0,106,armham,corstorm,2,west,1,11,13,1430,1430,x,wiped,37.0,10.0,6,0,0.328,0.000,7992,10886
1,1,103,armrock,corak,1,east,0,10,28,1200,1204,y,wiped,26.5,7.5,0,10,0.000,0.202,7564,7408
0,1,111,corlevlr,corllt,0,west,0,5,12,1100,1080,x,wiped,61.0,19.5,3,0,0.264,0.000,5299,9662
0,0,105,corstorm,armllt,0,west,0,10,13,1100,1105,x,wiped,47.0,18.5,9,0,0.894,0.000,846,8998
0,1,112,armwar,corgator,1,east,0,4,9,1080,1080,x,wiped,20.0,7.0,3,0,0.359,0.000,4213,7714
1,1,104,armstump,armjanus,0,west,0,5,5,1125,1200,y,wiped,25.5,9.5,0,3,0.000,0.203,10116,4373
0,0,106,corak,corraid,0,west,0,33,6,1419,1410,y,wiped,33.5,7.0,0,3,0.000,0.218,11152,9828
1,0,107,cormist,armllt,2,west,1,6,11,930,935,x,wiped,57.5,13.5,6,0,1.000,0.000,0,7026
0,1,113,corgator,corllt,2,west,1,9,12,1080,1080,x,wiped,39.5,10.0,6,0,0.432,0.000,4258,8178
0,0,107,corgator,cormist,1,east,0,9,7,1080,1085,x,wiped,20.5,7.0,9,0,0.668,0.000,2512,6179
1,1,105,corgator,corraid,2,west,1,10,5,1200,1175,x,wiped,31.0,7.0,3,0,0.234,0.000,6763,10331
1,0,108,armflash,cormist,1,east,0,7,5,770,775,x,wiped,19.0,6.5,7,0,0.782,0.000,1156,4359
0,0,108,armflash,corlevlr,2,west,1,10,5,1100,1100,y,wiped,13.5,7.5,0,5,0.000,0.846,8129,1144
1,1,106,armflash,cormist,3,east,1,7,5,770,775,x,wiped,18.5,6.5,7,0,0.718,0.000,1494,4380
0,1,114,corstorm,armstump,0,west,0,10,5,1100,1125,y,wiped,40.5,9.0,0,3,0.000,0.167,8196,7880
1,1,107,armpw,armstump,2,west,1,21,5,1134,1125,x,wiped,24.5,7.5,4,0,0.119,0.000,7658,9382
1,0,109,corraid,corllt,0,west,0,5,13,1175,1170,x,wiped,47.0,11.5,4,0,0.511,0.000,4982,9435
1,1,108,armart,corlevlr,0,west,0,8,5,1080,1100,y,wiped,17.5,10.5,0,5,0.000,0.837,5712,1232
0,1,115,corgator,corllt,0,west,0,9,12,1080,1080,x,wiped,53.5,10.0,3,0,0.242,0.000,5799,8279
1,0,110,armjanus,corgator,3,east,1,5,10,1200,1200,x,wiped,31.0,8.0,2,0,0.153,0.000,4591,9696
0,0,109,corcrash,armllt,3,east,1,10,15,1250,1275,y,wiped,89.5,13.5,0,15,0.000,0.999,6491,6
1,1,109,armpw,armpw,3,east,1,22,22,1188,1188,x,wiped,24.5,6.0,4,0,0.108,0.000,7627,8602
0,1,116,corlevlr,cormist,2,west,1,5,7,1100,1085,x,wiped,22.5,9.0,5,0,0.708,0.000,2087,6754
1,0,111,corak,armflash,1,east,0,28,11,1204,1210,y,wiped,26.5,6.0,0,5,0.000,0.177,8306,6889
0,0,110,armjeth,corthud,1,east,0,10,9,1250,1260,y,wiped,24.0,9.5,0,9,0.000,0.997,7109,32
1,0,112,armham,corak,2,west,1,9,27,1170,1161,x,wiped,27.0,7.5,3,0,0.281,0.000,6804,9113
1,1,110,corgator,armllt,2,west,1,10,14,1200,1190,x,wiped,49.0,10.5,5,0,0.337,0.000,5624,9200
0,1,117,armart,corllt,1,east,0,8,12,1080,1080,y,wiped,57.5,15.5,0,9,0.000,0.610,5076,3587
0,0,111,armrock,corllt,0,west,0,9,12,1080,1080,x,wiped,49.0,17.0,9,0,0.938,0.000,438,8947
1,1,111,corak,armjanus,2,west,1,28,5,1204,1200,x,wiped,22.5,8.0,9,0,0.179,0.000,9315,5357
0,0,112,armwar,armjeth,2,west,1,5,11,1350,1375,x,wiped,20.0,8.5,5,0,0.994,0.000,52,7024
1,0,113,corraid,corraid,3,east,1,5,5,1175,1175,x,wiped,49.5,8.5,1,0,0.037,0.000,10203,10647
0,1,118,armrock,armllt,0,west,0,10,14,1200,1190,x,wiped,55.5,14.5,5,0,0.385,0.000,4582,9950
1,1,112,corstorm,corthud,3,east,1,10,8,1100,1120,y,wiped,32.5,10.0,0,7,0.000,0.389,8433,5668
0,0,113,armwar,corwolv,3,east,1,5,8,1350,1360,x,wiped,23.5,9.5,5,0,0.530,0.000,3909,6148
1,0,114,armpw,armllt,2,west,1,22,14,1188,1190,y,wiped,32.0,9.0,0,6,0.000,0.339,8828,5941
1,1,113,armpw,corwolv,0,west,0,22,7,1188,1190,x,wiped,17.0,8.5,22,0,0.777,0.000,1903,5306
0,1,119,corthud,corgator,1,east,0,6,7,840,840,y,wiped,35.0,8.0,0,1,0.000,0.064,6904,5913
0,0,114,armham,armflash,3,east,1,11,13,1430,1430,y,wiped,42.5,7.5,0,3,0.000,0.057,11553,9933
1,0,115,corthud,cormist,0,west,0,10,9,1400,1395,x,wiped,31.0,8.5,10,0,0.663,0.000,3799,8476
1,1,114,corak,armflash,3,east,1,28,11,1204,1210,y,wiped,23.5,5.5,0,7,0.000,0.222,8262,6473
0,0,115,corgator,corwolv,1,east,0,10,7,1200,1190,x,wiped,20.0,8.5,10,0,0.617,0.000,3277,5393
0,1,120,armstump,corllt,0,west,0,6,15,1350,1350,x,wiped,46.5,11.0,5,0,0.536,0.000,5101,10698
1,0,116,armwar,armart,2,west,1,4,8,1080,1080,x,wiped,23.0,9.0,4,0,0.772,0.000,1529,5035
0,0,116,armwar,armjanus,0,west,0,5,6,1350,1440,x,wiped,20.5,9.0,5,0,0.182,0.000,6713,6429
1,1,115,armwar,corllt,1,east,0,4,12,1080,1080,x,wiped,48.0,16.0,2,0,0.292,0.000,4611,8235
1,0,117,corcrash,corlevlr,3,east,1,7,4,875,880,y,wiped,15.5,10.0,0,4,0.000,0.929,5273,426
0,1,121,armpw,corak,2,west,1,23,29,1242,1247,x,wiped,25.5,5.5,5,0,0.122,0.000,7848,8583
0,0,117,armrock,armflash,0,west,0,10,11,1200,1210,y,wiped,20.5,7.5,0,10,0.000,0.591,7372,3445
0,1,122,corstorm,corlevlr,0,west,0,10,5,1100,1100,y,wiped,21.5,10.5,0,5,0.000,0.635,8473,2682
1,1,116,armstump,corraid,2,west,1,5,5,1125,1175,y,wiped,36.0,8.0,0,3,0.000,0.241,9593,7917
1,0,118,armstump,armstump,1,east,0,5,5,1125,1125,x,wiped,42.5,8.0,1,0,0.049,0.000,9037,9611
0,0,118,corraid,corwolv,1,east,0,5,7,1175,1190,x,wiped,28.5,9.5,5,0,0.548,0.000,4680,5458
1,1,117,armjeth,armflash,1,east,0,7,8,875,880,y,wiped,18.0,7.0,0,8,0.000,0.984,4445,96
0,0,119,armham,corak,0,west,0,9,27,1170,1161,x,wiped,25.0,7.5,4,0,0.324,0.000,6401,9092
0,1,123,armrock,armllt,3,east,1,10,14,1200,1190,x,wiped,68.5,14.5,3,0,0.181,0.000,6133,9918
1,0,119,corraid,corraid,0,west,0,5,5,1175,1175,y,wiped,43.5,8.5,0,3,0.000,0.128,10615,9059
1,1,118,corthud,armart,1,east,0,9,9,1260,1215,x,wiped,25.0,10.0,9,0,0.749,0.000,2606,5771
0,0,120,corlevlr,corwolv,0,west,0,6,8,1320,1360,x,wiped,17.0,11.0,6,0,0.801,0.000,1780,6824
1,1,119,armwar,corcrash,0,west,0,5,11,1350,1375,x,wiped,20.0,8.5,5,0,0.968,0.000,272,7141
0,1,124,corcrash,corwolv,1,east,0,11,8,1375,1360,y,wiped,49.5,21.5,0,6,0.000,0.570,8510,2892
0,0,121,corak,corstorm,2,west,1,28,11,1204,1210,y,wiped,37.0,8.0,0,3,0.000,0.113,9660,7639
1,0,120,corwolv,armllt,0,west,0,7,14,1190,1190,y,wiped,60.0,16.5,0,10,0.000,0.618,5360,4005
1,1,120,corthud,corlevlr,2,west,1,8,5,1120,1100,y,wiped,24.5,11.0,0,4,0.000,0.469,9892,3913
0,1,125,corcrash,corraid,2,west,1,11,6,1375,1410,y,wiped,28.0,8.5,0,6,0.000,0.906,7561,1200
0,0,122,armpw,corstorm,2,west,1,22,11,1188,1210,x,wiped,27.0,7.5,5,0,0.117,0.000,8387,8551
1,0,121,corthud,corwolv,2,west,1,10,8,1400,1360,x,wiped,25.0,10.5,10,0,0.717,0.000,3255,6737
1,1,121,armrock,armart,3,east,1,9,8,1080,1080,x,wiped,30.0,10.0,7,0,0.563,0.000,3001,5419
0,1,126,armwar,armjanus,1,east,0,5,6,1350,1440,x,wiped,21.0,9.5,4,0,0.246,0.000,6292,6426
0,0,123,armrock,armflash,3,east,1,10,11,1200,1210,y,wiped,21.0,7.5,0,9,0.000,0.531,7408,3914
1,0,122,armflash,cormist,0,west,0,7,5,770,775,x,wiped,20.0,6.5,7,0,0.646,0.000,1872,4379
0,0,124,armflash,corgator,1,east,0,11,10,1210,1200,x,wiped,30.0,6.0,3,0,0.148,0.000,7150,8578
0,1,127,corgator,corgator,1,east,0,10,10,1200,1200,y,wiped,39.0,6.5,0,1,0.000,0.068,8649,8100
1,1,122,armflash,armllt,2,west,1,10,13,1100,1105,x,wiped,49.0,8.5,2,0,0.101,0.000,6883,8492
1,0,123,corcrash,armjanus,3,east,1,10,5,1250,1200,y,wiped,26.0,10.5,0,5,0.000,0.882,7928,645
0,0,125,armjeth,corraid,2,west,1,11,6,1375,1410,y,wiped,25.0,8.5,0,6,0.000,0.905,7734,1205
1,1,123,armham,armham,2,west,1,9,9,1170,1170,y,wiped,35.5,10.5,0,5,0.000,0.104,9738,8439
0,0,126,armart,corgator,0,west,0,8,9,1080,1080,y,wiped,19.0,8.0,0,9,0.000,0.683,5054,2474
1,0,124,armpw,corllt,3,east,1,20,12,1080,1080,y,wiped,44.0,8.5,0,1,0.000,0.043,7850,7803
0,1,128,corcrash,corllt,1,east,0,10,14,1250,1260,y,wiped,71.5,14.0,0,14,0.000,1.000,6480,1
1,1,124,armstump,armjanus,3,east,1,5,5,1125,1200,y,wiped,32.0,9.0,0,1,0.000,0.044,10042,5381
0,0,127,armpw,corthud,1,east,0,26,10,1404,1400,y,wiped,26.0,7.0,0,5,0.000,0.256,11675,8565
1,0,125,corthud,corwolv,0,west,0,10,8,1400,1360,x,wiped,26.0,10.5,9,0,0.701,0.000,3619,6707
0,1,129,armflash,armjanus,0,west,0,11,5,1210,1200,x,wiped,22.5,8.0,3,0,0.211,0.000,7698,5408
0,0,128,armstump,corwolv,1,east,0,6,8,1350,1360,x,wiped,26.5,9.5,6,0,0.551,0.000,5025,6252
0,1,130,armpw,corwolv,3,east,1,22,7,1188,1190,x,wiped,18.5,8.5,21,0,0.756,0.000,2090,5319
1,1,125,corstorm,corraid,1,east,0,11,5,1210,1175,y,wiped,43.0,9.0,0,4,0.000,0.139,9061,8935
1,0,126,armham,armllt,3,east,1,9,14,1170,1190,x,wiped,48.5,15.5,6,0,0.504,0.000,4568,9997
0,0,129,armpw,corthud,2,west,1,26,10,1404,1400,y,wiped,24.0,7.5,0,5,0.000,0.382,11598,7109
0,1,131,armwar,armjeth,0,west,0,5,11,1350,1375,x,wiped,20.5,8.5,5,0,1.000,0.000,0,7050
0,0,130,armflash,corlevlr,1,east,0,10,5,1100,1100,y,wiped,14.5,7.5,0,5,0.000,0.797,8439,1498
1,1,126,armpw,corak,0,west,0,23,29,1242,1247,x,wiped,30.5,6.0,5,0,0.075,0.000,8311,8573
0,1,132,armham,corlevlr,0,west,0,10,6,1300,1320,y,wiped,23.0,11.0,0,6,0.000,0.548,11415,3960
1,0,127,corstorm,corgator,3,east,1,11,10,1210,1200,y,wiped,29.0,7.5,0,8,0.000,0.342,8503,5770
0,0,131,armrock,corstorm,0,west,0,10,11,1200,1210,y,wiped,45.5,10.0,0,4,0.000,0.258,8009,6456
1,0,128,corthud,armstump,0,west,0,8,5,1120,1125,x,wiped,36.0,8.5,3,0,0.271,0.000,6899,9489
0,1,133,armflash,corllt,0,west,0,9,11,990,990,y,wiped,62.0,8.5,0,1,0.000,0.021,6926,7409
1,1,127,cormist,armllt,3,east,1,6,11,930,935,x,wiped,59.5,13.5,6,0,1.000,0.000,0,7045
1,0,129,corcrash,armflash,2,west,1,7,8,875,880,y,wiped,15.0,7.5,0,8,0.000,0.975,4516,152
0,1,134,corak,corlevlr,3,east,1,31,6,1333,1320,y,wiped,15.0,8.0,0,6,0.000,0.882,11850,1042
0,0,132,corwolv,cormist,1,east,0,8,9,1360,1395,y,wiped,42.5,9.5,0,7,0.000,0.366,6312,5300
1,1,128,armrock,armjeth,3,east,1,10,10,1200,1250,x,wiped,27.0,9.0,10,0,0.944,0.000,412,6978
0,0,133,armwar,armjeth,1,east,0,5,11,1350,1375,x,wiped,18.0,8.0,5,0,0.992,0.000,68,7034
1,0,130,armrock,armart,0,west,0,9,8,1080,1080,x,wiped,30.0,10.5,9,0,0.669,0.000,2233,5267
0,1,135,armwar,corthud,1,east,0,4,8,1080,1120,y,wiped,28.0,9.5,0,4,0.000,0.253,6704,6852
1,1,129,armrock,armstump,1,east,0,11,6,1320,1350,y,wiped,32.0,8.5,0,6,0.000,0.368,8587,7033
0,0,134,corstorm,armjanus,3,east,1,11,5,1210,1200,x,wiped,33.0,10.0,5,0,0.133,0.000,8121,5612
0,1,136,corak,cormist,1,east,0,29,8,1247,1240,x,wiped,28.5,6.5,20,0,0.390,0.000,5272,7138
1,0,131,armjanus,corwolv,1,east,0,5,7,1200,1190,x,wiped,26.5,11.5,5,0,0.509,0.000,2670,6500
1,0,132,armjanus,corlevlr,1,east,0,5,5,1200,1100,y,wiped,17.0,11.0,0,4,0.000,0.370,5680,4788
0,0,135,corraid,cormist,0,west,0,6,9,1410,1395,x,wiped,33.5,7.0,6,0,0.648,0.000,4325,8271
1,1,130,armjanus,armllt,2,west,1,5,14,1200,1190,y,wiped,60.5,15.0,0,6,0.000,0.363,5272,7262
0,1,137,armjanus,cormist,3,east,1,5,8,1200,1240,x,wiped,57.0,8.5,1,0,0.067,0.000,5152,8298
1,0,133,corthud,armjanus,1,east,0,10,6,1400,1440,x,wiped,27.5,10.0,5,0,0.252,0.000,9315,6919
0,0,136,armpw,armstump,3,east,1,21,5,1134,1125,x,wiped,23.0,7.0,6,0,0.201,0.000,7343,9305
1,1,131,armjeth,corthud,3,east,1,10,9,1250,1260,y,wiped,21.5,9.5,0,9,0.000,0.985,7078,160
0,1,138,corstorm,armflash,0,west,0,11,11,1210,1210,y,wiped,24.5,7.5,0,7,0.000,0.328,8443,5878
0,0,137,armpw,corcrash,2,west,1,23,10,1242,1250,x,wiped,15.0,7.5,23,0,0.868,0.000,1183,6467
1,0,134,armstump,corwolv,2,west,1,6,8,1350,1360,x,wiped,31.5,9.5,6,0,0.563,0.000,4907,6291
1,1,132,armwar,corcrash,3,east,1,5,11,1350,1375,x,wiped,19.0,8.5,5,0,1.000,0.000,0,7168
1,1,133,armjanus,corlevlr,0,west,0,5,5,1200,1100,y,wiped,16.0,10.5,0,5,0.000,0.470,5856,3847
0,1,139,armham,corraid,3,east,1,9,5,1170,1175,x,wiped,41.5,9.0,3,0,0.215,0.000,7595,10529
0,0,138,armham,armham,1,east,0,9,9,1170,1170,y,wiped,45.5,10.5,0,2,0.000,0.072,9839,8968
1,0,135,armstump,cormist,2,west,1,5,7,1125,1085,x,wiped,32.5,7.0,5,0,0.652,0.000,3213,6519
0,1,140,armstump,armart,2,west,1,6,10,1350,1350,x,wiped,29.0,9.0,6,0,0.587,0.000,4656,6851
0,0,139,corstorm,corthud,2,west,1,10,8,1100,1120,y,wiped,31.5,10.0,0,7,0.000,0.494,8422,4724
1,0,136,armwar,armwar,2,west,1,4,4,1080,1080,x,wiped,23.0,9.0,3,0,0.022,0.000,6452,6606
1,1,134,corthud,corllt,3,east,1,9,14,1260,1260,x,wiped,54.5,15.5,6,0,0.511,0.000,4970,9998
0,0,140,corak,armstump,1,east,0,26,5,1118,1125,y,wiped,31.0,6.5,0,3,0.000,0.194,8595,7556
0,1,141,corthud,armllt,1,east,0,9,15,1260,1275,x,wiped,52.5,16.5,5,0,0.537,0.000,4692,10641
0,0,141,armflash,corlevlr,0,west,0,10,5,1100,1100,y,wiped,13.0,7.5,0,5,0.000,0.926,8038,558
1,1,135,armjeth,armstump,3,east,1,9,5,1125,1125,y,wiped,31.0,8.5,0,5,0.000,0.882,6228,1109
0,1,142,corcrash,armjanus,2,west,1,10,5,1250,1200,y,wiped,26.0,10.5,0,5,0.000,0.835,7635,897
0,0,142,corthud,corllt,0,west,0,9,14,1260,1260,x,wiped,48.5,16.0,7,0,0.556,0.000,4490,9961
1,1,136,armjeth,corraid,3,east,1,11,6,1375,1410,y,wiped,26.5,9.0,0,6,0.000,0.981,7899,238
0,1,143,armjanus,armart,2,west,1,5,9,1200,1215,x,wiped,33.5,11.0,5,0,0.564,0.000,2366,6542
1,0,137,armart,armllt,2,west,1,10,16,1350,1360,y,wiped,104.5,15.0,0,5,0.000,0.220,6469,8947
0,0,143,armwar,armflash,0,west,0,4,10,1080,1100,x,wiped,18.0,6.5,4,0,0.283,0.000,4714,7673
1,1,137,armrock,corlevlr,1,east,0,11,6,1320,1320,y,wiped,21.5,10.0,0,6,0.000,0.679,9238,2793
0,1,144,corak,corak,0,west,0,28,28,1204,1204,y,wiped,25.5,6.0,0,8,0.000,0.082,8308,7601
1,0,138,armwar,corwolv,0,west,0,5,8,1350,1360,x,wiped,22.5,9.5,5,0,0.699,0.000,2530,6069
0,0,144,armwar,armstump,0,west,0,5,6,1350,1350,x,wiped,27.0,7.5,4,0,0.165,0.000,6891,11208
0,1,145,armpw,corlevlr,0,west,0,21,5,1134,1100,y,wiped,13.5,7.5,0,5,0.000,0.828,9279,1295
1,1,138,armpw,armpw,0,west,0,22,22,1188,1188,y,wiped,25.0,6.0,0,5,0.000,0.145,8521,7281
1,1,139,armflash,armstump,2,west,1,10,5,1100,1125,x,wiped,24.0,7.0,6,0,0.409,0.000,4758,9240
1,0,139,armjeth,corwolv,3,east,1,11,8,1375,1360,y,wiped,57.0,22.5,0,6,0.000,0.579,8819,2883
0,0,145,armjeth,armllt,2,west,1,10,15,1250,1275,y,wiped,69.0,13.5,0,15,0.000,1.000,6407,1
1,0,140,armpw,corlevlr,1,east,0,21,5,1134,1100,y,wiped,13.0,7.5,0,5,0.000,0.779,9674,1639
1,1,140,armflash,corraid,0,west,0,11,5,1210,1175,x,wiped,28.5,7.0,3,0,0.193,0.000,6966,10355
0,1,146,corwolv,corllt,3,east,1,8,15,1360,1350,x,wiped,96.5,23.0,6,0,0.557,0.000,2779,11550
0,0,146,corak,corstorm,1,east,0,28,11,1204,1210,x,wiped,32.5,7.5,7,0,0.119,0.000,8712,8631
1,0,141,armrock,corwolv,1,east,0,10,7,1200,1190,x,wiped,26.5,10.5,9,0,0.554,0.000,3351,5526
1,1,141,corstorm,corcrash,1,east,0,8,7,880,875,x,wiped,28.0,10.0,8,0,1.000,0.000,0,5223
1,0,142,corstorm,armflash,2,west,1,11,11,1210,1210,y,wiped,23.5,7.5,0,8,0.000,0.441,8413,4787
0,0,147,armham,corak,1,east,0,9,27,1170,1161,x,wiped,24.0,8.0,4,0,0.325,0.000,6367,8982
1,1,142,armflash,armart,1,east,0,11,9,1210,1215,x,wiped,21.0,8.0,11,0,0.866,0.000,1155,5639
0,1,147,armjanus,cormist,1,east,0,5,8,1200,1240,x,wiped,57.0,8.5,1,0,0.011,0.000,5450,7940
1,0,143,armflash,corgator,3,east,1,11,10,1210,1200,x,wiped,27.5,6.0,2,0,0.098,0.000,7608,8610
1,1,143,corcrash,armstump,0,west,0,9,5,1125,1125,y,wiped,26.0,8.5,0,5,0.000,0.943,6116,533
0,0,148,armham,corthud,2,west,1,11,10,1430,1400,x,wiped,49.5,10.0,3,0,0.114,0.000,10441,11857
0,1,148,armjanus,armart,0,west,0,5,9,1200,1215,x,wiped,33.5,11.5,5,0,0.579,0.000,2288,6422
1,0,144,armpw,armjeth,1,east,0,23,10,1242,1250,x,wiped,16.0,7.5,23,0,0.878,0.000,1086,6362
1,0,145,corak,armstump,3,east,1,26,5,1118,1125,y,wiped,27.0,6.5,0,3,0.000,0.263,8524,6908
1,1,144,armart,corwolv,2,west,1,10,8,1350,1360,x,wiped,57.5,15.0,4,0,0.235,0.000,5763,6636
0,0,149,armham,corthud,0,west,0,11,10,1430,1400,x,wiped,44.5,10.0,3,0,0.106,0.000,10455,11914
0,1,149,armjanus,armllt,0,west,0,5,14,1200,1190,y,wiped,63.0,15.0,0,6,0.000,0.300,5308,7600
0,0,150,armham,corthud,3,east,1,11,10,1430,1400,x,wiped,44.5,10.0,4,0,0.157,0.000,9920,12022
1,1,145,armham,corllt,3,east,1,9,13,1170,1170,x,wiped,41.5,15.5,9,0,0.886,0.000,1023,9298
1,0,146,corlevlr,corllt,2,west,1,5,12,1100,1080,x,wiped,47.5,19.5,4,0,0.538,0.000,3303,9466
0,1,150,armjanus,corwolv,0,west,0,5,7,1200,1190,x,wiped,28.0,12.5,4,0,0.390,0.000,3349,6283
1,1,146,corwolv,corwolv,0,west,0,7,7,1190,1190,draw,wiped,57.5,15.5,0,0,0.000,0.000,6723,6761
1,0,147,armart,armllt,0,west,0,10,16,1350,1360,y,wiped,78.5,15.0,0,10,0.000,0.533,6380,5463
1,1,147,armwar,armjeth,3,east,1,5,11,1350,1375,x,wiped,19.0,8.5,5,0,1.000,0.000,0,7043
1,0,148,armrock,cormist,3,east,1,9,7,1080,1085,x,wiped,31.5,7.5,8,0,0.510,0.000,3280,6630
1,1,148,armart,cormist,3,east,1,8,7,1080,1085,y,wiped,45.5,8.0,0,3,0.000,0.401,5330,4049
1,0,149,corstorm,corcrash,2,west,1,8,7,880,875,x,wiped,25.0,10.0,8,0,1.000,0.000,0,5030
1,0,150,armjeth,armstump,2,west,1,9,5,1125,1125,y,wiped,27.5,9.0,0,5,0.000,0.963,6244,347
1,1,149,armflash,corllt,1,east,0,9,11,990,990,y,wiped,55.5,8.5,0,1,0.000,0.055,6942,7104
1,0,151,armflash,armjanus,2,west,1,11,5,1210,1200,y,wiped,23.0,8.0,0,2,0.000,0.046,10390,5151
2,1,1,corthud,corlevlr,3,east,1,8,5,1120,1100,y,wiped,23.0,12.0,0,5,0.000,0.536,9808,3377
2,0,1,armstump,armstump,3,east,1,5,5,1125,1125,x,wiped,38.5,8.5,2,0,0.051,0.000,9030,9597
2,1,2,armjanus,corgator,0,west,0,5,10,1200,1200,x,wiped,32.0,8.5,2,0,0.008,0.000,5358,9869
2,1,3,corak,cormist,2,west,1,29,8,1247,1240,x,wiped,28.0,8.0,24,0,0.421,0.000,4921,7105
2,0,2,corcrash,armllt,1,east,0,10,15,1250,1275,y,wiped,82.0,14.5,0,15,0.000,0.999,6478,5
2,1,4,armham,armjeth,3,east,1,9,9,1170,1125,x,wiped,22.5,10.5,9,0,0.995,0.000,45,6335
2,1,5,armjeth,corlevlr,2,west,1,7,4,875,880,y,wiped,16.0,11.0,0,4,0.000,0.934,5127,396
2,0,3,corstorm,corllt,3,east,1,9,11,990,990,x,wiped,53.5,16.5,5,0,0.363,0.000,4376,8054
2,1,6,armwar,corraid,3,east,1,5,6,1350,1410,x,wiped,35.5,8.5,1,0,0.024,0.000,8354,12472
2,0,4,corcrash,corllt,0,west,0,10,14,1250,1260,y,wiped,62.0,14.5,0,14,0.000,0.997,6513,24
2,1,7,armart,corwolv,3,east,1,10,8,1350,1360,y,wiped,53.0,15.0,0,2,0.000,0.199,7107,5443
2,0,5,armflash,cormist,2,west,1,7,5,770,775,x,wiped,18.0,7.0,7,0,0.702,0.000,1566,4382
2,1,8,armstump,armjanus,2,west,1,5,5,1125,1200,y,wiped,25.5,10.0,0,4,0.000,0.210,10052,4252
2,0,6,corraid,corllt,2,west,1,5,13,1175,1170,x,wiped,50.0,12.5,4,0,0.493,0.000,5176,9411
3,0,1,armjeth,armflash,3,east,1,7,8,875,880,y,wiped,17.5,7.5,0,8,0.000,0.972,4453,172
2,1,9,armrock,armllt,2,west,1,10,14,1200,1190,x,wiped,50.5,16.5,8,0,0.667,0.000,2522,9527
3,1,1,corthud,armllt,2,west,1,9,15,1260,1275,x,wiped,57.5,16.5,6,0,0.491,0.000,5182,10605
3,0,2,armrock,armwar,2,west,1,9,4,1080,1080,y,wiped,26.0,0.0,0,4,0.000,0.634,6663,2396
2,0,7,corak,armllt,2,west,1,28,14,1204,1190,y,wiped,34.5,12.0,0,5,0.000,0.234,8912,6747
2,1,10,armham,corcrash,1,east,0,9,9,1170,1125,x,wiped,19.5,9.5,9,0,0.994,0.000,57,6396
3,0,3,armrock,corthud,3,east,1,7,6,840,840,y,wiped,27.0,10.5,0,6,0.000,0.608,5348,2671
3,1,2,corak,corllt,0,west,0,27,13,1161,1170,y,wiped,48.0,10.0,0,2,0.000,0.130,8248,7659
2,1,11,armpw,corak,1,east,0,23,29,1242,1247,x,wiped,27.5,6.0,10,0,0.270,0.000,6489,8511
2,0,8,armrock,corstorm,3,east,1,10,11,1200,1210,y,wiped,47.5,10.5,0,3,0.000,0.237,7997,6800
3,0,4,armrock,corstorm,2,west,1,10,11,1200,1210,y,wiped,39.5,10.5,0,5,0.000,0.347,8023,5685
3,1,3,armham,corcrash,0,west,0,9,9,1170,1125,x,wiped,24.5,10.5,9,0,0.960,0.000,382,6613
2,1,12,armpw,armham,0,west,0,24,10,1296,1300,y,wiped,25.0,7.5,0,3,0.000,0.160,10535,8835
2,0,9,corstorm,corwolv,3,east,1,11,7,1210,1190,x,wiped,26.0,10.5,10,0,0.500,0.000,4321,5517
2,1,13,armrock,armart,2,west,1,9,8,1080,1080,x,wiped,29.0,10.0,9,0,0.627,0.000,2540,5116
3,1,4,corthud,corthud,0,west,0,9,9,1260,1260,x,wiped,43.0,10.5,4,0,0.149,0.000,8860,10791
3,0,5,corstorm,corllt,2,west,1,9,11,990,990,x,wiped,54.0,16.0,4,0,0.317,0.000,4713,8225
2,0,10,armart,cormist,1,east,0,8,7,1080,1085,y,wiped,45.0,7.5,0,4,0.000,0.447,5192,3661
2,1,14,armpw,armjeth,2,west,1,23,10,1242,1250,x,wiped,16.0,7.0,23,0,0.828,0.000,1516,6371
3,0,6,armjeth,corlevlr,3,east,1,7,4,875,880,y,wiped,15.5,10.5,0,4,0.000,0.971,5189,177
3,1,5,corstorm,corthud,1,east,0,10,8,1100,1120,y,wiped,34.5,10.5,0,7,0.000,0.316,8408,6337
2,0,11,armjeth,armstump,0,west,0,9,5,1125,1125,y,wiped,25.5,8.5,0,5,0.000,0.871,6572,1216
3,0,7,corak,corcrash,0,west,0,29,10,1247,1250,x,wiped,14.5,7.0,29,0,0.898,0.000,868,6499
3,1,6,armpw,armpw,2,west,1,22,22,1188,1188,y,wiped,21.5,7.0,0,5,0.000,0.087,8568,7791
2,1,15,armwar,corraid,1,east,0,5,6,1350,1410,x,wiped,49.0,7.5,1,0,0.011,0.000,8408,12555
2,0,12,armpw,corraid,2,west,1,26,6,1404,1410,y,wiped,23.5,7.0,0,6,0.000,0.271,10859,9015
3,1,7,armpw,armart,1,east,0,20,8,1080,1080,x,wiped,25.0,9.0,20,0,0.648,0.000,2788,5026
3,0,8,armpw,corllt,0,west,0,20,12,1080,1080,y,wiped,43.0,9.0,0,2,0.000,0.097,7881,7469
2,0,13,corak,corak,1,east,0,28,28,1204,1204,y,wiped,32.5,6.0,0,4,0.000,0.042,8308,7988
2,1,16,armstump,armllt,3,east,1,6,16,1350,1360,x,wiped,47.5,11.0,5,0,0.526,0.000,5212,10701
3,0,9,armham,armstump,2,west,1,7,4,910,900,x,wiped,31.5,9.0,3,0,0.312,0.000,5150,7572
3,1,8,corgator,armllt,0,west,0,10,14,1200,1190,x,wiped,39.0,10.5,6,0,0.462,0.000,4512,9123
2,1,17,armham,armart,0,west,0,9,9,1170,1215,x,wiped,24.5,10.5,9,0,0.746,0.000,2408,5741
3,0,10,armpw,corwolv,2,west,1,22,7,1188,1190,x,wiped,16.0,8.5,21,0,0.592,0.000,3515,5353
2,0,14,corstorm,armstump,1,east,0,10,5,1100,1125,y,wiped,43.5,8.5,0,3,0.000,0.210,8097,7438
3,1,9,corgator,corwolv,0,west,0,10,7,1200,1190,x,wiped,18.0,8.0,10,0,0.973,0.000,234,5318
2,1,18,corak,armjanus,1,east,0,28,5,1204,1200,y,wiped,24.0,7.5,0,4,0.000,0.178,12118,4438
3,1,10,armpw,corwolv,1,east,0,22,7,1188,1190,x,wiped,16.0,8.5,22,0,0.818,0.000,1545,5289
2,0,15,corraid,corraid,2,west,1,5,5,1175,1175,draw,wiped,47.5,8.5,0,0,0.000,0.000,10719,10682
3,0,11,corthud,corllt,1,east,0,9,14,1260,1260,x,wiped,46.0,16.0,7,0,0.561,0.000,4457,9963
2,1,19,armjanus,corraid,0,west,0,5,5,1200,1175,y,wiped,25.5,9.0,0,3,0.000,0.108,5672,9485
2,0,16,armrock,corgator,1,east,0,10,10,1200,1200,y,wiped,22.0,8.0,0,10,0.000,0.596,7420,3436
3,1,11,armrock,armjanus,2,west,1,10,5,1200,1200,x,wiped,33.0,10.0,3,0,0.150,0.000,7009,5544
3,0,12,armham,armjeth,2,west,1,9,9,1170,1125,x,wiped,20.5,9.5,9,0,0.996,0.000,40,6576
2,1,20,armpw,corak,3,east,1,23,29,1242,1247,x,wiped,23.5,6.0,7,0,0.130,0.000,7828,8590
2,0,17,armjeth,armjanus,1,east,0,10,5,1250,1200,y,wiped,25.5,10.0,0,5,0.000,0.981,7512,101
3,0,13,armwar,armstump,1,east,0,5,6,1350,1350,x,wiped,27.5,7.5,4,0,0.119,0.000,7290,11212
2,0,18,armwar,corak,3,east,1,4,25,1080,1075,x,wiped,20.0,6.5,4,0,0.459,0.000,3555,7378
2,1,21,corstorm,corstorm,2,west,1,11,11,1210,1210,x,wiped,64.5,10.0,2,0,0.042,0.000,8523,9235
2,0,19,corstorm,corlevlr,3,east,1,10,5,1100,1100,y,wiped,22.5,10.5,0,5,0.000,0.651,8351,2528
3,0,14,armham,armjanus,0,west,0,11,6,1430,1440,x,wiped,26.0,10.5,5,0,0.431,0.000,7436,6924
3,1,12,corwolv,corllt,2,west,1,8,15,1360,1350,y,wiped,73.5,16.0,0,8,0.000,0.438,6187,6819
2,1,22,armjeth,armstump,1,east,0,9,5,1125,1125,y,wiped,28.0,8.5,0,5,0.000,0.753,5914,2334
3,1,13,armart,corgator,2,west,1,8,9,1080,1080,y,wiped,18.5,8.0,0,9,0.000,0.697,5016,2377
2,0,20,armrock,corak,3,east,1,10,28,1200,1204,y,wiped,25.5,8.0,0,8,0.000,0.196,7582,7624
2,1,23,armstump,corgator,1,east,0,6,11,1350,1320,y,wiped,35.5,7.0,0,1,0.000,0.028,11217,9625
2,0,21,corak,armjanus,3,east,1,28,5,1204,1200,x,wiped,21.0,7.5,6,0,0.102,0.000,9339,5356
3,0,15,armjanus,armllt,3,east,1,5,14,1200,1190,y,wiped,62.5,15.0,0,4,0.000,0.209,5291,8782
3,1,14,armstump,armllt,1,east,0,6,16,1350,1360,x,wiped,47.0,11.0,5,0,0.529,0.000,5175,10726
2,0,22,armstump,corlevlr,3,east,1,5,5,1125,1100,y,wiped,16.0,8.5,0,5,0.000,0.649,9779,2586
2,1,24,corraid,corllt,3,east,1,5,13,1175,1170,x,wiped,52.5,11.5,4,0,0.490,0.000,5213,9411
3,0,16,corcrash,armart,2,west,1,10,9,1250,1215,y,wiped,52.5,18.5,0,6,0.000,0.607,7814,2431
2,0,23,armrock,corwolv,2,west,1,10,7,1200,1190,x,wiped,29.5,10.5,8,0,0.446,0.000,4464,5510
2,1,25,corlevlr,corlevlr,0,west,0,5,5,1100,1100,y,wiped,19.5,12.0,0,1,0.000,0.007,7506,7531
3,1,15,corwolv,armllt,2,west,1,7,14,1190,1190,y,wiped,62.5,16.0,0,9,0.000,0.574,5342,4912
3,0,17,corak,corgator,0,west,0,28,10,1204,1200,y,wiped,31.5,6.5,0,3,0.000,0.116,8451,7582
2,1,26,armrock,corgator,0,west,0,10,10,1200,1200,y,wiped,23.5,8.0,0,8,0.000,0.419,7475,5149
3,1,16,armstump,armstump,2,west,1,5,5,1125,1125,x,wiped,43.0,8.0,1,0,0.009,0.000,9515,9619
2,0,24,cormist,corllt,1,east,0,7,12,1085,1080,x,wiped,72.5,13.5,7,0,1.000,0.000,0,8282
2,1,27,corgator,cormist,2,west,1,9,7,1080,1085,x,wiped,21.0,7.0,9,0,0.665,0.000,2529,6192
3,0,18,armrock,armrock,0,west,0,10,10,1200,1200,x,wiped,56.0,9.5,1,0,0.059,0.000,7426,8037
2,1,28,corak,armflash,2,west,1,28,11,1204,1210,y,wiped,25.0,5.5,0,4,0.000,0.082,8302,7670
3,0,19,armflash,armjanus,1,east,0,11,5,1210,1200,x,wiped,20.5,7.5,3,0,0.185,0.000,8391,5410
2,0,25,armpw,corllt,1,east,0,20,12,1080,1080,y,wiped,33.0,8.5,0,3,0.000,0.190,7966,6544
3,1,17,armjeth,corcrash,2,west,1,10,10,1250,1250,draw,stalemate,60.0,,10,10,1.000,1.000,0,0
2,0,26,armwar,corak,2,west,1,4,25,1080,1075,x,wiped,20.0,7.0,4,0,0.415,0.000,3855,7415
2,1,29,corstorm,cormist,3,east,1,7,5,770,775,x,wiped,28.0,7.5,7,0,0.574,0.000,2269,4721
3,1,18,armpw,corgator,3,east,1,20,9,1080,1080,x,wiped,49.5,6.0,2,0,0.059,0.000,7517,7719
3,0,20,corcrash,corcrash,0,west,0,10,10,1250,1250,draw,stalemate,60.0,,10,10,1.000,1.000,0,0
2,0,27,armwar,corwolv,2,west,1,5,8,1350,1360,x,wiped,22.5,9.5,5,0,0.632,0.000,3073,6102
2,1,30,corgator,cormist,3,east,1,9,7,1080,1085,x,wiped,20.5,6.5,9,0,0.679,0.000,2427,6181
3,0,21,corraid,corwolv,3,east,1,5,7,1175,1190,x,wiped,26.0,9.5,5,0,0.626,0.000,3884,5447
2,1,31,corthud,cormist,3,east,1,10,9,1400,1395,x,wiped,30.5,7.5,10,0,0.644,0.000,4006,8495
2,0,28,corcrash,corwolv,2,west,1,11,8,1375,1360,y,wiped,43.0,21.0,0,6,0.000,0.598,8535,3037
3,1,19,corraid,armllt,0,west,0,4,11,940,935,x,wiped,52.0,11.5,4,0,0.342,0.000,5363,7579
2,1,32,corak,corwolv,1,east,0,28,7,1204,1190,x,wiped,17.5,7.5,23,0,0.529,0.000,3894,5366
3,1,20,corak,armart,0,west,0,28,9,1204,1215,x,wiped,20.0,8.0,28,0,0.781,0.000,1792,5682
2,0,29,corstorm,corthud,0,west,0,10,8,1100,1120,y,wiped,33.0,10.0,0,6,0.000,0.511,8405,4596
2,1,33,corcrash,corgator,2,west,1,10,10,1250,1200,y,wiped,16.5,7.5,0,10,0.000,0.944,6535,489
3,0,22,armrock,armrock,2,west,1,10,10,1200,1200,x,wiped,64.0,9.5,1,0,0.006,0.000,7886,8053
3,1,21,corcrash,armstump,3,east,1,9,5,1125,1125,y,wiped,28.5,8.5,0,5,0.000,0.898,6265,967
2,0,30,armwar,corraid,2,west,1,5,6,1350,1410,x,wiped,27.0,7.5,5,0,0.222,0.000,6406,12431
2,1,34,corak,armllt,1,east,0,28,14,1204,1190,y,wiped,46.0,9.5,0,2,0.000,0.114,8911,7972
3,0,23,corwolv,cormist,3,east,1,8,9,1360,1395,y,wiped,43.5,8.5,0,6,0.000,0.288,6472,6060
2,0,31,armjanus,corwolv,2,west,1,5,7,1200,1190,x,wiped,19.5,11.5,5,0,0.591,0.000,2232,5629
3,1,22,corak,corgator,2,west,1,28,10,1204,1200,y,wiped,52.0,6.5,0,1,0.000,0.052,8530,8180
2,1,35,armrock,corlevlr,2,west,1,11,6,1320,1320,y,wiped,21.5,10.0,0,6,0.000,0.725,9414,2405
3,0,24,armham,corak,3,east,1,9,27,1170,1161,x,wiped,24.0,8.0,5,0,0.347,0.000,6161,8848
2,0,32,corlevlr,corwolv,2,west,1,6,8,1320,1360,x,wiped,17.0,11.0,6,0,0.702,0.000,2688,6780
3,1,23,armpw,armflash,2,west,1,22,11,1188,1210,y,wiped,24.0,6.0,0,4,0.000,0.153,8571,7057
3,0,25,corthud,armflash,2,west,1,8,10,1120,1100,y,wiped,30.0,7.0,0,6,0.000,0.248,9147,5900
2,1,36,armrock,corraid,3,east,1,10,5,1200,1175,y,wiped,35.5,9.0,0,5,0.000,0.331,7792,6886
3,1,24,armham,armart,2,west,1,9,9,1170,1215,x,wiped,24.5,10.0,9,0,0.731,0.000,2550,5770
2,1,37,armflash,corgator,0,west,0,11,10,1210,1200,y,wiped,22.5,6.0,0,3,0.000,0.173,8516,7063
2,0,33,armjanus,corllt,3,east,1,6,16,1440,1440,y,wiped,74.5,14.5,0,1,0.000,0.047,6351,12322
3,0,26,armjanus,cormist,2,west,1,5,8,1200,1240,x,wiped,43.0,8.0,3,0,0.228,0.000,4116,8414
2,1,38,armflash,armart,0,west,0,11,9,1210,1215,x,wiped,18.0,8.0,11,0,0.801,0.000,1705,5642
2,0,34,corgator,corwolv,2,west,1,10,7,1200,1190,x,wiped,17.5,8.0,10,0,0.902,0.000,836,5331
3,1,25,corthud,corraid,2,west,1,10,6,1400,1410,x,wiped,44.0,9.0,3,0,0.204,0.000,9539,12652
3,0,27,armjeth,corak,0,west,0,10,29,1250,1247,y,wiped,15.5,7.0,0,29,0.000,0.905,6372,810
2,1,39,armham,cormist,1,east,0,6,5,780,775,x,wiped,27.0,8.0,6,0,0.649,0.000,2147,4706
3,1,26,corstorm,corcrash,3,east,1,8,7,880,875,x,wiped,21.5,9.5,8,0,1.000,0.000,0,4942
2,0,35,armrock,armjanus,1,east,0,10,5,1200,1200,x,wiped,33.0,10.0,4,0,0.106,0.000,7221,5539
3,1,27,armwar,corstorm,1,east,0,4,10,1080,1100,x,wiped,32.0,9.0,2,0,0.311,0.000,4763,7701
2,0,36,corstorm,corgator,1,east,0,11,10,1210,1200,y,wiped,30.5,8.0,0,9,0.000,0.468,8487,4547
2,1,40,armflash,corllt,2,west,1,9,11,990,990,x,wiped,47.0,8.5,2,0,0.108,0.000,6114,7526
3,0,28,armart,armllt,3,east,1,10,16,1350,1360,y,wiped,80.0,15.0,0,10,0.000,0.517,6394,5678
3,1,28,armrock,corwolv,0,west,0,10,7,1200,1190,x,wiped,29.5,10.5,6,0,0.470,0.000,4440,5513
2,0,37,corak,armstump,0,west,0,26,5,1118,1125,y,wiped,28.5,6.5,0,3,0.000,0.158,8626,7859
2,1,41,armpw,cormist,2,west,1,23,8,1242,1240,x,wiped,25.5,6.0,20,0,0.351,0.000,5816,7077
3,0,29,armrock,armwar,3,east,1,9,4,1080,1080,y,wiped,26.5,8.5,0,4,0.000,0.445,6702,3637
3,1,29,corstorm,corwolv,2,west,1,11,7,1210,1190,x,wiped,26.5,11.0,8,0,0.613,0.000,3516,5502
2,0,38,corak,armflash,0,west,0,28,11,1204,1210,y,wiped,29.5,5.5,0,3,0.000,0.176,8300,6910
2,1,42,armham,armstump,0,west,0,7,4,910,900,x,wiped,31.5,9.0,4,0,0.325,0.000,5062,7631
3,0,30,corgator,corraid,0,west,0,10,5,1200,1175,x,wiped,33.5,7.0,2,0,0.102,0.000,8139,10370
3,1,30,corak,corak,2,west,1,28,28,1204,1204,y,wiped,22.5,6.0,0,12,0.000,0.200,8264,6605
2,0,39,armrock,armjeth,2,west,1,10,10,1200,1250,x,wiped,25.0,9.0,10,0,0.999,0.000,6,6757
2,1,43,armflash,armflash,2,west,1,11,11,1210,1210,y,wiped,29.0,6.0,0,4,0.000,0.103,8396,7526
3,1,31,armwar,corak,1,east,0,4,25,1080,1075,x,wiped,20.0,6.5,4,0,0.431,0.000,3753,7403
3,0,31,armart,armart,1,east,0,9,9,1215,1215,y,wiped,57.0,15.0,0,3,0.000,0.194,6234,5066
2,0,40,armrock,armart,1,east,0,9,8,1080,1080,x,wiped,26.0,9.5,8,0,0.591,0.000,2922,5209
2,1,44,armpw,cormist,0,west,0,23,8,1242,1240,x,wiped,27.5,6.0,16,0,0.271,0.000,6519,7083
3,1,32,armpw,cormist,3,east,1,23,8,1242,1240,x,wiped,26.5,6.0,16,0,0.291,0.000,6415,7071
3,0,32,armwar,corthud,0,west,0,4,8,1080,1120,y,wiped,28.5,9.0,0,4,0.000,0.291,6766,6493
2,1,45,armjeth,corstorm,2,west,1,7,8,875,880,y,wiped,26.0,9.5,0,8,0.000,1.000,4826,0
3,1,33,corcrash,armstump,1,east,0,9,5,1125,1125,y,wiped,28.5,8.5,0,5,0.000,0.940,6249,568
2,1,46,armpw,armjanus,0,west,0,22,5,1188,1200,x,wiped,15.5,8.0,10,0,0.228,0.000,8524,5346
2,0,41,cormist,corllt,2,west,1,7,12,1085,1080,x,wiped,72.5,13.5,7,0,1.000,0.000,0,8322
3,0,33,corlevlr,armllt,1,east,0,5,13,1100,1105,x,wiped,54.5,19.0,2,0,0.318,0.000,4903,9964
3,1,34,armart,cormist,2,west,1,8,7,1080,1085,y,wiped,43.5,8.0,0,4,0.000,0.445,5153,3735
2,1,47,armpw,armjeth,3,east,1,23,10,1242,1250,x,wiped,15.5,7.0,23,0,0.844,0.000,1388,6357
3,1,35,corthud,corgator,3,east,1,6,7,840,840,y,wiped,24.0,8.0,0,4,0.000,0.232,6911,4738
3,0,34,corak,cormist,3,east,1,29,8,1247,1240,x,wiped,37.5,6.0,18,0,0.320,0.000,6020,7116
2,0,42,corraid,armllt,3,east,1,4,11,940,935,x,wiped,58.5,12.0,2,0,0.318,0.000,5577,7579
3,1,36,armjeth,corlevlr,0,west,0,7,4,875,880,y,wiped,15.0,9.5,0,4,0.000,0.971,5078,176
2,1,48,armpw,armllt,1,east,0,22,14,1188,1190,y,wiped,44.0,9.0,0,2,0.000,0.122,8749,7897
3,0,35,armham,corlevlr,3,east,1,10,6,1300,1320,y,wiped,21.0,10.5,0,6,0.000,0.586,10879,3644
2,0,43,armstump,armjanus,1,east,0,5,5,1125,1200,y,wiped,25.0,9.0,0,2,0.000,0.147,9954,4856
3,0,36,armflash,corraid,3,east,1,11,5,1210,1175,x,wiped,28.5,7.0,4,0,0.258,0.000,6557,10304
3,1,37,armham,armllt,2,west,1,9,14,1170,1190,x,wiped,51.0,15.5,5,0,0.500,0.000,4603,9949
2,1,49,corak,corllt,3,east,1,27,13,1161,1170,y,wiped,43.0,9.0,0,2,0.000,0.135,8899,7562
2,0,44,armwar,corraid,0,west,0,5,6,1350,1410,x,wiped,27.5,7.5,5,0,0.256,0.000,6120,12430
3,0,37,corgator,corgator,0,west,0,10,10,1200,1200,y,wiped,27.0,6.5,0,5,0.000,0.116,8644,7568
2,0,45,corgator,corlevlr,2,west,1,11,6,1320,1320,y,wiped,14.0,8.5,0,6,0.000,0.768,9963,2031
2,1,50,corstorm,corgator,0,west,0,11,10,1210,1200,y,wiped,34.0,8.0,0,5,0.000,0.344,8534,6019
3,1,38,cormist,armllt,1,east,0,6,11,930,935,x,wiped,59.5,13.5,6,0,1.000,0.000,0,7091
3,0,38,corthud,corthud,1,east,0,9,9,1260,1260,y,wiped,41.5,10.0,0,4,0.000,0.069,10683,9707
2,0,46,armham,cormist,2,west,1,6,5,780,775,x,wiped,25.0,8.0,6,0,0.650,0.000,2145,4702
3,1,39,corgator,corlevlr,1,east,0,11,6,1320,1320,y,wiped,14.0,8.0,0,6,0.000,0.887,9983,985
2,1,51,armrock,armham,0,west,0,12,11,1440,1430,y,wiped,34.5,10.0,0,6,0.000,0.406,9745,7117
3,0,39,armflash,corlevlr,3,east,1,10,5,1100,1100,y,wiped,14.5,7.5,0,5,0.000,0.723,8264,2036
3,1,40,armflash,armart,3,east,1,11,9,1210,1215,x,wiped,18.0,7.5,11,0,0.747,0.000,2190,5643
2,1,52,armrock,corgator,2,west,1,10,10,1200,1200,y,wiped,24.5,8.0,0,8,0.000,0.472,7459,4611
2,0,47,armham,armham,0,west,0,9,9,1170,1170,y,wiped,44.5,10.0,0,2,0.000,0.105,9741,8818
3,1,41,armjanus,armjanus,3,east,1,5,5,1200,1200,x,wiped,19.0,11.0,1,0,0.003,0.000,5521,6273
2,1,53,corstorm,corwolv,0,west,0,11,7,1210,1190,x,wiped,26.5,10.5,8,0,0.675,0.000,2904,5519
3,0,40,armwar,corllt,0,west,0,4,12,1080,1080,x,wiped,50.5,16.0,2,0,0.294,0.000,4621,8226
2,0,48,armrock,corraid,2,west,1,10,5,1200,1175,y,wiped,34.5,9.0,0,5,0.000,0.352,7819,6672
3,1,42,armwar,armwar,0,west,0,4,4,1080,1080,x,wiped,22.5,9.0,4,0,0.022,0.000,6449,6627
2,1,54,armpw,corstorm,0,west,0,22,11,1188,1210,x,wiped,23.5,7.0,11,0,0.292,0.000,6735,8484
3,0,41,armjeth,corthud,2,west,1,10,9,1250,1260,y,wiped,21.5,9.0,0,9,0.000,0.969,7072,323
2,0,49,armflash,armjanus,3,east,1,11,5,1210,1200,x,wiped,23.0,8.0,2,0,0.065,0.000,8620,5452
3,1,43,armham,corthud,1,east,0,11,10,1430,1400,x,wiped,44.5,10.5,3,0,0.141,0.000,10175,12014
3,0,42,corcrash,armjanus,0,west,0,10,5,1250,1200,y,wiped,25.5,10.5,0,5,0.000,0.976,7330,128
2,0,50,armham,armllt,1,east,0,9,14,1170,1190,x,wiped,49.0,16.0,6,0,0.506,0.000,4567,9962
3,1,44,armjeth,corgator,1,east,0,10,10,1250,1200,y,wiped,19.5,7.5,0,10,0.000,0.958,6491,355
2,1,55,armrock,corllt,3,east,1,9,12,1080,1080,draw,wiped,79.0,14.0,0,0,0.000,0.000,6780,9094
3,0,43,armpw,corraid,0,west,0,26,6,1404,1410,y,wiped,25.5,7.5,0,6,0.000,0.201,11384,9908
2,1,56,corthud,armjanus,2,west,1,10,6,1400,1440,x,wiped,28.5,10.0,4,0,0.363,0.000,8257,6913
3,1,45,armwar,corstorm,2,west,1,4,10,1080,1100,x,wiped,32.0,9.0,3,0,0.362,0.000,4279,7705
3,0,44,corwolv,cormist,2,west,1,8,9,1360,1395,y,wiped,40.0,8.0,0,5,0.000,0.352,6349,5696
2,0,51,armwar,armllt,0,west,0,5,16,1350,1360,x,wiped,62.0,17.0,2,0,0.326,0.000,5516,10436
2,1,57,armjeth,corgator,3,east,1,10,10,1250,1200,y,wiped,18.5,7.0,0,10,0.000,0.966,6468,284
2,0,52,armjanus,corwolv,3,east,1,5,7,1200,1190,x,wiped,19.5,11.5,5,0,0.557,0.000,2411,6061
3,0,45,corthud,corcrash,2,west,1,9,10,1260,1250,x,wiped,22.0,9.0,9,0,0.966,0.000,360,7317
2,1,58,corak,armart,2,west,1,28,9,1204,1215,x,wiped,18.5,7.5,25,0,0.494,0.000,4334,5700
2,0,53,armart,corlevlr,3,east,1,8,5,1080,1100,y,wiped,18.0,10.5,0,5,0.000,0.845,5573,1161
3,1,46,armart,armllt,1,east,0,10,16,1350,1360,y,wiped,94.0,14.5,0,10,0.000,0.436,6444,6703
3,0,46,armjeth,corllt,3,east,1,10,14,1250,1260,y,wiped,61.5,13.5,0,14,0.000,1.000,6396,2
2,0,54,armrock,corak,0,west,0,10,28,1200,1204,y,wiped,23.5,7.5,0,13,0.000,0.259,7547,6609
2,1,59,armstump,armllt,2,west,1,6,16,1350,1360,x,wiped,55.5,11.0,5,0,0.542,0.000,5035,10711
3,0,47,armpw,armwar,1,east,0,20,4,1080,1080,x,wiped,19.0,6.5,7,0,0.313,0.000,5298,6610
3,1,47,corwolv,corwolv,2,west,1,7,7,1190,1190,x,wiped,42.5,15.0,2,0,0.023,0.000,5983,5994
3,0,48,corcrash,corgator,1,east,0,10,10,1250,1200,y,wiped,19.0,7.5,0,10,0.000,0.939,6532,522
3,1,48,armflash,corwolv,2,west,1,11,7,1210,1190,x,wiped,16.5,8.0,11,0,0.919,0.000,687,5314
2,0,55,corcrash,cormist,3,east,1,10,8,1250,1240,y,wiped,37.0,7.5,0,8,0.000,0.987,6719,93
2,1,60,armart,corraid,0,west,0,7,4,945,940,y,wiped,28.0,9.0,0,4,0.000,0.640,4768,3003
3,1,49,corraid,corlevlr,2,west,1,5,5,1175,1100,y,wiped,18.0,9.0,0,4,0.000,0.616,10695,2833
3,0,49,armjanus,armjanus,1,east,0,5,5,1200,1200,draw,wiped,26.0,11.0,0,0,0.000,0.000,6399,5660
2,0,56,armwar,corlevlr,3,east,1,4,5,1080,1100,y,wiped,17.0,10.5,0,5,0.000,0.633,6727,2674
3,0,50,armart,corraid,3,east,1,7,4,945,940,y,wiped,27.5,9.0,0,4,0.000,0.650,4786,2920
3,1,50,corgator,corgator,2,west,1,10,10,1200,1200,y,wiped,32.5,6.5,0,2,0.000,0.041,8681,8294
2,1,61,armrock,armjanus,0,west,0,10,5,1200,1200,x,wiped,32.5,10.0,4,0,0.335,0.000,5541,5541
2,0,57,armwar,armjanus,3,east,1,5,6,1350,1440,x,wiped,21.5,9.0,4,0,0.175,0.000,6819,6425
2,1,62,armwar,corgator,2,west,1,4,9,1080,1080,x,wiped,24.0,7.0,3,0,0.265,0.000,4854,7742
3,1,51,armpw,armllt,3,east,1,22,14,1188,1190,y,wiped,45.5,9.0,0,2,0.000,0.125,8989,7855
3,0,51,armrock,armllt,1,east,0,10,14,1200,1190,x,wiped,62.5,14.0,4,0,0.257,0.000,5513,9910
2,1,63,armwar,corcrash,2,west,1,5,11,1350,1375,x,wiped,18.5,8.5,5,0,0.985,0.000,124,7153
2,0,58,corlevlr,armllt,3,east,1,5,13,1100,1105,x,wiped,61.0,19.5,2,0,0.236,0.000,5522,9868
3,0,52,armjanus,armart,3,east,1,5,9,1200,1215,x,wiped,26.5,11.0,5,0,0.541,0.000,2511,6383
3,1,52,armham,armflash,2,west,1,11,13,1430,1430,x,wiped,43.5,7.5,1,0,0.003,0.000,11526,10687
2,1,64,armjeth,cormist,3,east,1,10,8,1250,1240,y,wiped,36.5,7.5,0,8,0.000,0.968,6709,235
3,0,53,armrock,corlevlr,3,east,1,11,6,1320,1320,y,wiped,22.5,10.0,0,6,0.000,0.601,9188,3490
2,0,59,armpw,corgator,0,west,0,20,9,1080,1080,x,wiped,38.0,6.0,2,0,0.063,0.000,7459,7734
1,0,1,armfav,armjanus,1,east,0,39,5,1209,1200,y,wiped,22.0,6.0,0,2,0.000,0.256,10346,3985
0,1,1,corfav,armpw,1,east,0,46,22,1196,1188,y,wiped,12.5,5.5,0,18,0.000,0.441,4481,4749
1,1,1,armfav,armart,3,east,1,39,9,1209,1215,y,wiped,41.0,6.5,0,2,0.000,0.222,7013,4421
0,0,1,armfav,armjeth,0,west,0,40,10,1240,1250,x,wiped,34.5,6.0,40,0,0.870,0.000,573,6331
1,0,2,armflea,corfav,1,east,0,57,46,1197,1196,x,wiped,45.5,5.0,11,0,0.143,0.000,3219,4500
1,1,2,armflea,cormist,3,east,1,59,8,1239,1240,y,wiped,60.5,6.0,0,4,0.000,0.500,5078,3554
1,0,3,armflea,corraid,3,east,1,56,5,1176,1175,y,wiped,17.5,6.5,0,5,0.000,0.572,6211,4467
0,0,2,armflea,armflea,0,west,0,57,57,1197,1197,y,wiped,46.0,6.0,0,14,0.000,0.173,3788,3099
0,1,2,corfav,cormist,0,west,0,48,8,1248,1240,y,wiped,91.0,3.5,0,4,0.000,0.459,5911,3911
1,0,4,armflea,armflash,3,east,1,58,11,1218,1210,y,wiped,14.5,6.0,0,9,0.000,0.546,3791,3780
0,0,3,armflea,corwolv,1,east,0,57,7,1197,1190,y,wiped,31.5,7.5,0,2,0.000,0.286,10914,3919
0,1,3,corfav,armstump,3,east,1,43,5,1118,1125,y,wiped,16.5,6.0,0,5,0.000,0.567,5570,4031
1,1,3,corfav,armjanus,0,west,0,46,5,1196,1200,y,wiped,62.5,6.5,0,2,0.000,0.114,10926,4786
0,0,4,corfav,armflash,3,east,1,47,11,1222,1210,y,wiped,14.5,6.0,0,10,0.000,0.536,4600,3857
1,0,5,corfav,corwolv,3,east,1,46,7,1196,1190,y,wiped,59.5,-1.0,0,2,0.000,0.171,10249,4399
1,1,4,armflea,corwolv,3,east,1,57,7,1197,1190,y,wiped,38.5,6.5,0,2,0.000,0.280,9841,3877
0,1,4,armflea,armrock,2,west,1,57,10,1197,1200,y,wiped,60.0,7.5,0,4,0.000,0.375,8169,4672
0,0,5,armfav,corcrash,3,east,1,40,10,1240,1250,x,wiped,33.5,-1.0,37,0,0.752,0.000,1100,6446
1,1,5,armfav,corllt,0,west,0,38,13,1178,1170,y,wiped,13.5,6.0,0,11,0.000,0.789,5244,1867
0,1,5,corfav,corfav,1,east,0,46,46,1196,1196,y,wiped,16.5,5.0,0,12,0.000,0.202,4476,3549
0,0,6,corfav,armflash,1,east,0,47,11,1222,1210,y,wiped,13.5,-0.5,0,10,0.000,0.578,4565,3507
1,0,6,armflea,corwolv,2,west,1,57,7,1197,1190,y,wiped,81.5,6.5,0,2,0.000,0.286,10951,3830
1,1,6,armfav,armjeth,2,west,1,40,10,1240,1250,x,wiped,31.5,5.0,39,0,0.869,0.000,572,6348
1,0,7,corfav,armstump,1,east,0,43,5,1118,1125,y,wiped,19.0,6.0,0,5,0.000,0.488,5787,4758
0,0,7,armflea,armham,1,east,0,56,9,1176,1170,y,wiped,18.0,7.0,0,7,0.000,0.607,6416,3698
1,1,7,armfav,corak,2,west,1,39,28,1209,1204,y,wiped,11.0,5.0,0,27,0.000,0.740,4350,2143
0,1,6,corfav,armart,0,west,0,47,9,1222,1215,y,wiped,92.5,6.5,0,2,0.000,0.222,8040,4389
0,0,8,armfav,corlevlr,0,west,0,43,6,1333,1320,y,wiped,46.0,6.5,0,6,0.000,0.809,8645,1696
1,0,8,armflea,corak,2,west,1,57,28,1197,1204,y,wiped,31.5,5.5,0,26,0.000,0.691,3748,2545
1,1,8,corfav,corthud,1,east,0,48,9,1248,1260,y,wiped,17.5,5.5,0,7,0.000,0.591,6926,4220
0,0,9,armflea,corlevlr,1,east,0,52,5,1092,1100,y,wiped,12.0,6.5,0,5,0.000,0.854,8416,1066
0,1,7,corfav,armflash,0,west,0,47,11,1222,1210,y,wiped,28.5,5.0,0,11,0.000,0.648,4556,2899
1,0,9,armfav,armpw,1,east,0,38,22,1178,1188,y,wiped,10.5,4.5,0,19,0.000,0.564,4214,3700
1,1,9,armflea,armflea,2,west,1,57,57,1197,1197,x,wiped,17.0,5.0,10,0,0.134,0.000,3254,3749
0,1,8,armflea,corgator,2,west,1,57,10,1197,1200,y,wiped,30.5,6.0,0,10,0.000,0.670,4090,2810
0,0,10,armflea,armflea,1,east,0,57,57,1197,1197,x,wiped,48.0,4.5,3,0,0.021,0.000,3675,3774
1,0,10,armflea,armjanus,3,east,1,57,5,1197,1200,y,wiped,21.5,6.5,0,2,0.000,0.345,11606,3561
0,1,9,armfav,armstump,2,west,1,36,5,1116,1125,y,wiped,16.0,5.5,0,5,0.000,0.533,5741,4385
0,0,11,armfav,corthud,3,east,1,41,9,1271,1260,y,wiped,19.5,5.5,0,7,0.000,0.449,7400,5740
1,0,11,armflea,corllt,1,east,0,56,13,1176,1170,y,wiped,17.0,6.0,0,11,0.000,0.774,4637,2016
1,1,10,corfav,armstump,2,west,1,43,5,1118,1125,y,wiped,42.0,5.5,0,2,0.000,0.135,6264,8094
0,1,10,armfav,armpw,2,west,1,38,22,1178,1188,y,wiped,10.5,5.0,0,19,0.000,0.603,4273,3366
0,0,12,corfav,corfav,2,west,1,46,46,1196,1196,y,wiped,34.5,5.0,0,9,0.000,0.099,4458,4033
1,1,11,armflea,corak,3,east,1,57,28,1197,1204,y,wiped,12.5,4.5,0,24,0.000,0.763,3764,1955
0,1,11,armfav,corcrash,0,west,0,40,10,1240,1250,x,wiped,32.0,5.5,38,0,0.728,0.000,1202,6440
1,0,12,armflea,corstorm,1,east,0,58,11,1218,1210,y,wiped,29.0,5.5,0,4,0.000,0.352,8718,5509
0,0,13,armflea,armrock,3,east,1,57,10,1197,1200,y,wiped,30.5,6.5,0,4,0.000,0.361,8329,4760
0,1,12,armfav,armfav,1,east,0,39,39,1209,1209,x,wiped,17.5,3.5,9,0,0.175,0.000,3607,4420
1,1,12,armfav,armjeth,3,east,1,40,10,1240,1250,x,wiped,31.0,5.0,38,0,0.819,0.000,807,6343
0,0,14,armfav,corfav,3,east,1,38,45,1178,1170,y,wiped,16.0,4.0,0,15,0.000,0.256,4275,3222
1,0,13,armfav,corwolv,1,east,0,44,8,1364,1360,y,wiped,55.0,6.5,0,2,0.000,0.250,11138,4718
0,1,13,armfav,corcrash,2,west,1,40,10,1240,1250,x,wiped,33.5,5.0,40,0,0.810,0.000,836,6432
1,1,13,corfav,armjanus,1,east,0,46,5,1196,1200,y,wiped,29.0,5.5,0,2,0.000,0.291,11479,3846
0,0,15,armflea,corgator,3,east,1,57,10,1197,1200,y,wiped,13.5,-0.5,0,9,0.000,0.672,4133,2796
1,0,14,armfav,corstorm,1,east,0,39,11,1209,1210,y,wiped,21.5,5.0,0,7,0.000,0.447,7612,4747
0,1,14,armfav,corfav,1,east,0,38,45,1178,1170,y,wiped,31.5,4.0,0,5,0.000,0.086,4280,4014
1,1,14,corfav,armwar,0,west,0,52,5,1352,1350,y,wiped,43.0,5.0,0,5,0.000,0.882,5193,970
1,0,15,armfav,armstump,1,east,0,36,5,1116,1125,y,wiped,15.5,5.0,0,5,0.000,0.599,5932,3742
0,0,16,armflea,corthud,0,west,0,60,9,1260,1260,y,wiped,52.0,6.0,0,7,0.000,0.653,7202,3571
0,1,15,corfav,corgator,1,east,0,46,10,1196,1200,y,wiped,13.0,5.0,0,8,0.000,0.650,4716,2987
1,1,15,armfav,armpw,0,west,0,38,22,1178,1188,y,wiped,10.5,4.5,0,18,0.000,0.573,4230,3613
1,0,16,corfav,armham,0,west,0,45,9,1170,1170,y,wiped,42.5,5.5,0,7,0.000,0.625,6185,3504
1,1,16,armfav,corraid,0,west,0,38,5,1178,1175,y,wiped,21.5,5.0,0,3,0.000,0.285,6607,7470
0,0,17,armflea,armstump,0,west,0,54,5,1134,1125,y,wiped,36.5,6.0,0,5,0.000,0.466,5872,4974
0,1,16,corfav,armjanus,2,west,1,46,5,1196,1200,y,wiped,47.5,6.0,0,2,0.000,0.273,9774,4356
1,1,17,corfav,corak,1,east,0,46,28,1196,1204,y,wiped,11.0,4.5,0,24,0.000,0.716,4424,2355
0,0,18,armfav,corgator,2,west,1,39,10,1209,1200,y,wiped,12.0,4.5,0,10,0.000,0.674,4677,2768
1,0,17,armflea,armjeth,2,west,1,59,10,1239,1250,x,wiped,30.0,6.0,53,0,0.743,0.000,1007,6349
0,0,19,corfav,corllt,1,east,0,45,13,1170,1170,y,wiped,21.5,6.5,0,11,0.000,0.723,5811,2457
1,0,18,armfav,armflash,2,west,1,39,11,1209,1210,y,wiped,12.5,4.5,0,10,0.000,0.615,4390,3187
0,1,17,armfav,armart,0,west,0,39,9,1209,1215,y,wiped,58.0,5.5,0,2,0.000,0.222,7405,4386
1,1,18,corfav,armwar,2,west,1,52,5,1352,1350,y,wiped,44.5,5.0,0,5,0.000,0.801,5206,1649
1,0,19,armfav,armpw,3,east,1,38,22,1178,1188,y,wiped,10.0,4.5,0,20,0.000,0.597,4273,3426
0,0,20,corfav,armjeth,2,west,1,48,10,1248,1250,x,wiped,31.0,5.5,47,0,0.828,0.000,784,6351
1,1,19,armfav,armllt,3,east,1,41,15,1271,1275,y,wiped,18.5,5.5,0,12,0.000,0.727,5379,2669
0,1,18,armflea,armpw,3,east,1,57,22,1197,1188,y,wiped,13.0,5.0,0,15,0.000,0.396,3740,5159
0,0,21,armfav,armjanus,2,west,1,39,5,1209,1200,y,wiped,28.5,6.0,0,2,0.000,0.259,11534,4036
1,0,20,corfav,armllt,0,west,0,46,14,1196,1190,draw,stalemate,77.5,6.0,3,12,0.065,0.792,4735,1979
0,1,19,corfav,corwolv,2,west,1,46,7,1196,1190,y,wiped,81.5,6.0,0,2,0.000,0.254,11194,3965
1,0,21,armflea,armstump,2,west,1,54,5,1134,1125,y,wiped,36.5,6.0,0,5,0.000,0.599,5863,3766
1,1,20,corfav,corwolv,0,west,0,46,7,1196,1190,y,wiped,104.0,6.0,0,1,0.000,0.069,10268,5248
0,0,22,corfav,armrock,2,west,1,46,10,1196,1200,y,wiped,62.5,5.5,0,3,0.000,0.228,8813,5971
0,1,20,armfav,armrock,2,west,1,39,10,1209,1200,y,wiped,25.5,5.5,0,4,0.000,0.345,6985,4918
1,1,21,corfav,armpw,3,east,1,46,22,1196,1188,y,wiped,12.0,5.0,0,16,0.000,0.520,4394,4102
1,0,22,armflea,armjeth,3,east,1,59,10,1239,1250,x,wiped,30.0,5.5,50,0,0.741,0.000,1019,6337
0,1,21,corfav,armjeth,3,east,1,48,10,1248,1250,x,wiped,31.0,5.5,45,0,0.757,0.000,1119,6335
1,1,22,armflea,corraid,2,west,1,56,5,1176,1175,y,wiped,38.0,5.5,0,5,0.000,0.486,6071,5348
0,0,23,armflea,armllt,2,west,1,57,14,1197,1190,draw,stalemate,79.5,6.5,2,12,0.035,0.758,4460,2305
1,1,23,corfav,corlevlr,3,east,1,42,5,1092,1100,y,wiped,10.5,5.5,0,5,0.000,0.875,8283,923
1,0,23,armflea,corlevlr,2,west,1,52,5,1092,1100,y,wiped,56.0,6.0,0,5,0.000,0.947,8874,399
0,1,22,armfav,armart,2,west,1,39,9,1209,1215,y,wiped,44.5,5.5,0,2,0.000,0.214,7818,4450
0,0,24,armflea,corfav,2,west,1,57,46,1197,1196,x,wiped,29.5,4.0,10,0,0.126,0.000,3267,4513
0,1,23,corfav,armllt,3,east,1,46,14,1196,1190,y,wiped,15.0,6.0,0,12,0.000,0.798,5591,1846
1,0,24,armfav,corfav,2,west,1,38,45,1178,1170,y,wiped,22.0,4.0,0,14,0.000,0.229,4269,3354
1,1,24,armflea,armart,3,east,1,58,9,1218,1215,y,wiped,49.0,6.5,0,4,0.000,0.301,7401,3971
0,1,24,armfav,armham,2,west,1,38,9,1178,1170,y,wiped,18.5,5.5,0,6,0.000,0.543,6734,4312
1,0,25,corfav,corgator,2,west,1,46,10,1196,1200,y,wiped,29.0,5.0,0,10,0.000,0.689,4752,2640
1,1,25,armflea,armham,3,east,1,56,9,1176,1170,y,wiped,18.5,6.0,0,7,0.000,0.526,6586,4492
0,0,25,corfav,corstorm,2,west,1,47,11,1222,1210,y,wiped,57.5,6.0,0,6,0.000,0.360,8670,5451
0,1,25,armfav,armjanus,3,east,1,39,5,1209,1200,y,wiped,22.0,5.5,0,3,0.000,0.406,10347,3234
1,1,26,corfav,armrock,1,east,0,46,10,1196,1200,y,wiped,23.0,5.5,0,4,0.000,0.381,7923,4651
0,0,26,armfav,armrock,3,east,1,39,10,1209,1200,y,wiped,28.5,5.0,0,4,0.000,0.341,6949,4962
1,1,27,armflea,armflash,1,east,0,58,11,1218,1210,y,wiped,13.0,5.0,0,10,0.000,0.632,3822,3083
1,0,26,armflea,corstorm,0,west,0,58,11,1218,1210,y,wiped,60.0,6.0,0,6,0.000,0.393,8970,5201
1,1,28,corfav,corlevlr,2,west,1,42,5,1092,1100,y,wiped,10.5,5.5,0,5,0.000,0.892,8343,783
0,1,26,armflea,corstorm,2,west,1,58,11,1218,1210,y,wiped,59.5,5.5,0,4,0.000,0.340,9875,5666
1,1,29,armflea,corthud,1,east,0,60,9,1260,1260,y,wiped,20.0,6.0,0,7,0.000,0.551,7469,4647
1,0,27,corfav,cormist,1,east,0,48,8,1248,1240,y,wiped,49.0,4.5,0,4,0.000,0.444,6029,3922
0,0,27,corfav,armart,3,east,1,47,9,1222,1215,y,wiped,65.0,5.5,0,2,0.000,0.215,7949,4443
0,1,27,armflea,corgator,0,west,0,57,10,1197,1200,y,wiped,29.5,5.0,0,10,0.000,0.754,4048,2100
1,1,30,armfav,corlevlr,1,east,0,43,6,1333,1320,y,wiped,10.0,5.5,0,6,0.000,0.776,8897,2010
1,0,28,armfav,armflash,3,east,1,39,11,1209,1210,y,wiped,12.0,4.5,0,11,0.000,0.583,4385,3466
0,1,28,armflea,armfav,0,west,0,57,39,1197,1209,x,wiped,12.0,4.0,26,0,0.334,0.000,2486,4353
0,1,29,armfav,corthud,0,west,0,41,9,1271,1260,y,wiped,17.0,5.0,0,8,0.000,0.641,7630,3769
0,0,28,armflea,armart,1,east,0,58,9,1218,1215,y,wiped,54.0,6.5,0,4,0.000,0.314,7224,3892
1,1,31,corfav,corcrash,3,east,1,48,10,1248,1250,x,wiped,32.0,5.5,44,0,0.735,0.000,1220,6451
1,0,29,corfav,corcrash,2,west,1,48,10,1248,1250,x,wiped,32.0,6.0,41,0,0.708,0.000,1396,6467
0,1,30,corfav,armham,1,east,0,45,9,1170,1170,y,wiped,15.5,6.0,0,7,0.000,0.581,6418,3963
0,0,29,corfav,corfav,3,east,1,46,46,1196,1196,x,wiped,33.5,4.0,7,0,0.085,0.000,4093,4487
0,1,31,armflea,corlevlr,0,west,0,52,5,1092,1100,y,wiped,11.5,5.5,0,5,0.000,0.887,9314,823
1,1,32,corfav,armflash,2,west,1,47,11,1222,1210,y,wiped,27.0,5.0,0,11,0.000,0.636,4577,3018
0,0,30,armfav,corllt,3,east,1,38,13,1178,1170,y,wiped,13.5,5.5,0,11,0.000,0.783,5323,1925
0,1,32,corfav,corstorm,3,east,1,47,11,1222,1210,y,wiped,28.0,5.5,0,5,0.000,0.353,8745,5622
1,0,30,armflea,armflea,3,east,1,57,57,1197,1197,x,wiped,45.5,4.0,10,0,0.113,0.000,3323,3771
0,0,31,armflea,cormist,1,east,0,59,8,1239,1240,y,wiped,54.5,4.5,0,4,0.000,0.498,5170,3558
1,0,31,armfav,armrock,0,west,0,39,10,1209,1200,y,wiped,28.5,5.5,0,4,0.000,0.314,7440,5131
1,1,33,corfav,armrock,0,west,0,46,10,1196,1200,y,wiped,58.0,5.5,0,4,0.000,0.343,8231,4921
0,1,33,corfav,armllt,2,west,1,46,14,1196,1190,draw,stalemate,77.0,6.0,1,12,0.022,0.802,5315,1887
0,0,32,armflea,corraid,0,west,0,56,5,1176,1175,y,wiped,47.5,5.5,0,4,0.000,0.442,6167,5766
1,1,34,armfav,corwolv,2,west,1,44,8,1364,1360,y,wiped,37.5,5.5,0,4,0.000,0.342,11811,4030
0,1,34,armfav,corak,0,west,0,39,28,1209,1204,y,wiped,10.5,4.5,0,26,0.000,0.752,4410,2041
1,1,35,armfav,corraid,3,east,1,38,5,1178,1175,y,wiped,18.5,5.0,0,5,0.000,0.489,6788,5293
1,0,32,armfav,corllt,2,west,1,38,13,1178,1170,draw,stalemate,77.0,5.5,1,11,0.026,0.745,4544,2395
0,0,33,armflea,corllt,3,east,1,56,13,1176,1170,y,wiped,23.5,6.5,0,11,0.000,0.756,4968,2177
0,1,35,armfav,armllt,0,west,0,41,15,1271,1275,y,wiped,16.5,6.0,0,13,0.000,0.793,5417,2057
1,0,33,armfav,corak,3,east,1,39,28,1209,1204,y,wiped,9.5,4.5,0,26,0.000,0.786,4370,1780
1,1,36,armfav,armham,0,west,0,38,9,1178,1170,y,wiped,18.0,5.5,0,5,0.000,0.454,6422,5158
0,1,36,corfav,corlevlr,1,east,0,42,5,1092,1100,y,wiped,10.5,5.5,0,5,0.000,0.903,8380,723
0,0,34,armfav,armjanus,0,west,0,39,5,1209,1200,y,wiped,14.0,5.5,0,5,0.000,0.540,10878,2488
1,0,34,armflea,armwar,1,east,0,51,4,1071,1080,y,wiped,11.5,5.0,0,4,0.000,0.923,3377,518
0,1,37,armfav,armflash,1,east,0,39,11,1209,1210,y,wiped,13.0,4.5,0,8,0.000,0.594,4368,3401
0,0,35,armfav,armllt,1,east,0,41,15,1271,1275,y,wiped,12.0,5.5,0,13,0.000,0.822,5368,1741
1,1,37,corfav,corfav,0,west,0,46,46,1196,1196,y,wiped,27.0,4.0,0,7,0.000,0.094,4490,4056
0,0,36,armfav,armwar,1,east,0,35,4,1085,1080,y,wiped,11.5,4.5,0,4,0.000,0.739,4037,1737
1,1,38,armfav,armjeth,1,east,0,40,10,1240,1250,x,wiped,31.0,5.0,39,0,0.853,0.000,650,6353
0,0,37,armfav,armham,1,east,0,38,9,1178,1170,y,wiped,15.5,5.5,0,8,0.000,0.598,6977,3799
0,1,38,armflea,armham,0,west,0,56,9,1176,1170,y,wiped,48.5,6.0,0,7,0.000,0.521,7038,4499
1,0,35,armflea,corllt,0,west,0,56,13,1176,1170,draw,stalemate,81.5,6.0,2,10,0.036,0.710,4705,2647
0,1,39,armflea,corlevlr,3,east,1,52,5,1092,1100,y,wiped,11.5,5.5,0,5,0.000,0.921,8545,578
1,1,39,corfav,corak,2,west,1,46,28,1196,1204,y,wiped,25.5,4.5,0,27,0.000,0.727,4452,2234
0,0,38,armflea,armfav,1,east,0,57,39,1197,1209,x,wiped,26.0,4.0,20,0,0.241,0.000,2818,4395
0,1,40,armflea,armllt,1,east,0,57,14,1197,1190,y,wiped,22.0,6.0,0,11,0.000,0.660,4837,3085
0,0,39,armfav,armham,3,east,1,38,9,1178,1170,y,wiped,18.0,5.5,0,6,0.000,0.478,6723,4903
1,1,40,armflea,armjeth,0,west,0,59,10,1239,1250,x,wiped,30.5,6.5,54,0,0.842,0.000,621,6339
0,1,41,armflea,armwar,2,west,1,51,4,1071,1080,y,wiped,11.5,5.0,0,4,0.000,0.886,3369,760
1,1,41,corfav,corak,3,east,1,46,28,1196,1204,y,wiped,11.5,4.5,0,26,0.000,0.709,4484,2390
0,1,42,armflea,armwar,0,west,0,51,4,1071,1080,y,wiped,12.0,5.0,0,4,0.000,0.923,3352,517
1,0,36,corfav,armart,2,west,1,47,9,1222,1215,y,wiped,83.0,5.5,0,2,0.000,0.222,7355,4440
0,1,43,armflea,armjanus,2,west,1,57,5,1197,1200,y,wiped,51.0,6.5,0,2,0.000,0.242,12506,4625
0,0,40,armfav,armart,1,east,0,39,9,1209,1215,draw,stalemate,93.0,5.5,9,2,0.129,0.222,6083,4411
1,0,37,armfav,corwolv,3,east,1,44,8,1364,1360,y,wiped,54.5,5.5,0,2,0.000,0.249,9205,4528
1,1,42,armflea,corllt,2,west,1,56,13,1176,1170,draw,stalemate,77.0,6.0,1,11,0.018,0.767,4494,2154
0,1,44,armfav,armfav,0,west,0,39,39,1209,1209,y,wiped,28.0,4.0,0,9,0.000,0.116,4400,3879
0,0,41,armflea,armjeth,1,east,0,59,10,1239,1250,x,wiped,30.5,6.0,55,0,0.803,0.000,748,6350
0,0,42,armflea,armstump,1,east,0,54,5,1134,1125,y,wiped,16.0,5.5,0,5,0.000,0.535,6191,4341
1,1,43,corfav,armjanus,3,east,1,46,5,1196,1200,y,wiped,28.5,6.0,0,1,0.000,0.064,12023,5172
1,0,38,armflea,cormist,0,west,0,59,8,1239,1240,y,wiped,47.5,6.0,0,5,0.000,0.513,4973,3465
0,0,43,armfav,corak,1,east,0,39,28,1209,1204,y,wiped,10.5,4.5,0,25,0.000,0.738,4357,2148
0,1,45,corfav,armart,1,east,0,47,9,1222,1215,y,wiped,61.5,6.0,0,2,0.000,0.219,8378,4427
1,0,39,corfav,armham,3,east,1,45,9,1170,1170,y,wiped,16.5,6.0,0,8,0.000,0.597,5680,3779
0,0,44,armfav,armwar,0,west,0,35,4,1085,1080,y,wiped,12.5,5.0,0,4,0.000,0.673,4123,2164
0,0,45,corfav,armllt,1,east,0,46,14,1196,1190,y,wiped,15.5,6.5,0,12,0.000,0.781,5885,1997
1,1,44,armflea,armrock,0,west,0,57,10,1197,1200,y,wiped,66.5,6.0,0,4,0.000,0.374,8673,4742
1,0,40,armfav,corthud,2,west,1,41,9,1271,1260,y,wiped,45.0,5.0,0,9,0.000,0.630,7286,3820
0,0,46,armflea,armpw,2,west,1,57,22,1197,1188,y,wiped,27.5,5.0,0,17,0.000,0.462,3687,4580
0,1,46,corfav,corllt,2,west,1,45,13,1170,1170,draw,stalemate,78.5,5.5,1,11,0.022,0.731,5255,2487
1,1,45,armflea,corcrash,1,east,0,59,10,1239,1250,x,wiped,28.5,6.0,52,0,0.752,0.000,967,6452
0,0,47,armfav,armfav,2,west,1,39,39,1209,1209,x,wiped,19.0,4.5,6,0,0.090,0.000,4022,4420
0,1,47,corfav,corthud,3,east,1,48,9,1248,1260,y,wiped,16.0,5.5,0,8,0.000,0.611,6823,4010
1,0,41,corfav,corraid,0,west,0,45,5,1170,1175,y,wiped,38.5,5.5,0,5,0.000,0.640,5990,3719
1,1,46,armflea,corak,0,west,0,57,28,1197,1204,y,wiped,25.5,4.5,0,26,0.000,0.731,3731,2223
0,0,48,armfav,corgator,0,west,0,39,10,1209,1200,y,wiped,12.0,4.5,0,10,0.000,0.682,4771,2701
0,1,48,armfav,corstorm,2,west,1,39,11,1209,1210,y,wiped,20.5,5.5,0,7,0.000,0.445,7077,4741
1,0,42,armfav,armflash,0,west,0,39,11,1209,1210,y,wiped,12.0,4.5,0,8,0.000,0.636,4380,3041
1,1,47,armflea,corcrash,3,east,1,59,10,1239,1250,x,wiped,28.0,6.0,53,0,0.751,0.000,934,6436
0,0,49,armflea,corfav,3,east,1,57,46,1197,1196,x,wiped,38.5,4.0,7,0,0.056,0.000,3514,4551
0,1,49,armflea,armflash,2,west,1,58,11,1218,1210,y,wiped,28.5,5.0,0,7,0.000,0.497,3795,4218
0,0,50,armfav,armstump,3,east,1,36,5,1116,1125,y,wiped,21.0,5.0,0,3,0.000,0.423,6282,5352
1,0,43,armflea,cormist,2,west,1,59,8,1239,1240,y,wiped,62.5,5.0,0,4,0.000,0.500,4820,3578
0,1,50,armflea,armflash,0,west,0,58,11,1218,1210,y,wiped,28.0,5.0,0,9,0.000,0.565,3808,3626
1,1,48,corfav,cormist,3,east,1,48,8,1248,1240,y,wiped,55.0,5.0,0,4,0.000,0.469,5986,3764
1,0,44,armflea,armstump,3,east,1,54,5,1134,1125,y,wiped,16.0,5.5,0,5,0.000,0.451,6062,5130
1,1,49,armfav,armllt,2,west,1,41,15,1271,1275,y,wiped,14.5,5.5,0,13,0.000,0.795,5528,2006
0,0,51,corfav,armham,2,west,1,45,9,1170,1170,y,wiped,41.0,6.0,0,9,0.000,0.667,6284,3110
0,1,51,armflea,corcrash,2,west,1,59,10,1239,1250,x,wiped,29.0,6.0,52,0,0.782,0.000,850,6425
1,0,45,armflea,armjanus,1,east,0,57,5,1197,1200,y,wiped,29.0,6.5,0,1,0.000,0.137,12248,4773
0,1,52,corfav,armstump,0,west,0,43,5,1118,1125,y,wiped,17.0,5.0,0,5,0.000,0.455,5706,5086
0,0,52,corfav,corak,0,west,0,46,28,1196,1204,y,wiped,26.0,4.5,0,26,0.000,0.718,4437,2332
1,0,46,armflea,armfav,3,east,1,57,39,1197,1209,x,wiped,26.5,4.0,19,0,0.231,0.000,2892,4382
0,1,53,armflea,corfav,0,west,0,57,46,1197,1196,x,wiped,13.0,4.0,17,0,0.226,0.000,2886,4486
0,0,53,armflea,armwar,3,east,1,51,4,1071,1080,y,wiped,11.5,4.5,0,4,0.000,0.902,3428,657
1,1,50,corfav,corllt,0,west,0,45,13,1170,1170,draw,stalemate,80.0,5.5,1,11,0.022,0.717,5140,2620
1,0,47,corfav,corwolv,1,east,0,46,7,1196,1190,y,wiped,39.0,5.5,0,2,0.000,0.267,9435,3875
0,0,54,armfav,armwar,2,west,1,35,4,1085,1080,y,wiped,12.0,4.5,0,4,0.000,0.717,4109,1869
1,1,51,armfav,corraid,1,east,0,38,5,1178,1175,y,wiped,19.0,5.0,0,4,0.000,0.549,6449,4662
1,1,52,armfav,corthud,1,east,0,41,9,1271,1260,y,wiped,17.5,5.5,0,7,0.000,0.543,6677,4783
0,1,54,corfav,corthud,0,west,0,48,9,1248,1260,y,wiped,48.0,5.5,0,7,0.000,0.611,6862,4017
0,0,55,corfav,corgator,0,west,0,46,10,1196,1200,y,wiped,30.0,5.0,0,10,0.000,0.660,4767,2894
1,1,53,corfav,corraid,3,east,1,45,5,1170,1175,y,wiped,21.0,5.0,0,5,0.000,0.439,6096,5799
0,1,55,corfav,armwar,1,east,0,52,5,1352,1350,y,wiped,11.5,4.5,0,5,0.000,0.843,5203,1299
1,0,48,armflea,armllt,0,west,0,57,14,1197,1190,draw,stalemate,79.5,6.0,2,11,0.035,0.684,4506,2950
1,1,54,corfav,corgator,3,east,1,46,10,1196,1200,y,wiped,12.5,5.0,0,9,0.000,0.625,4750,3206
0,1,56,corfav,corraid,1,east,0,45,5,1170,1175,y,wiped,17.0,5.0,0,4,0.000,0.547,5964,4720
0,0,56,armflea,corstorm,3,east,1,58,11,1218,1210,y,wiped,29.0,6.0,0,4,0.000,0.353,9289,5543
1,1,55,armfav,corlevlr,3,east,1,43,6,1333,1320,y,wiped,10.5,5.5,0,6,0.000,0.716,8466,2487
1,0,49,corfav,corraid,2,west,1,45,5,1170,1175,y,wiped,41.5,5.5,0,5,0.000,0.562,5784,4525
1,1,56,corfav,corstorm,1,east,0,47,11,1222,1210,y,wiped,24.0,5.5,0,8,0.000,0.475,8700,4459
1,0,50,armflea,corgator,1,east,0,57,10,1197,1200,y,wiped,12.5,5.0,0,10,0.000,0.707,4016,2502
1,1,57,armfav,corfav,0,west,0,38,45,1178,1170,y,wiped,22.5,4.0,0,17,0.000,0.261,4281,3219
0,1,57,corfav,corstorm,0,west,0,47,11,1222,1210,y,wiped,58.0,5.5,0,5,0.000,0.331,8958,5717
1,0,51,corfav,armpw,2,west,1,46,22,1196,1188,y,wiped,26.5,4.5,0,19,0.000,0.539,4452,3933
0,1,58,corfav,corlevlr,0,west,0,42,5,1092,1100,y,wiped,10.5,5.5,0,5,0.000,0.873,7283,943
0,0,57,armflea,armart,2,west,1,58,9,1218,1215,draw,stalemate,101.0,6.5,2,2,0.034,0.222,7320,4419
1,0,52,armflea,corcrash,0,west,0,59,10,1239,1250,x,wiped,28.5,6.0,46,0,0.663,0.000,1321,6447
0,1,59,armflea,armllt,3,east,1,57,14,1197,1190,y,wiped,23.0,6.0,0,11,0.000,0.655,4869,3133
1,1,58,armfav,cormist,1,east,0,40,8,1240,1240,y,wiped,54.5,5.0,0,4,0.000,0.486,5565,3664
1,0,53,corfav,armwar,3,east,1,52,5,1352,1350,y,wiped,11.0,4.5,0,5,0.000,0.852,5183,1222
0,0,58,armfav,corstorm,3,east,1,39,11,1209,1210,y,wiped,34.5,5.5,0,5,0.000,0.290,7518,6098
0,1,60,armflea,corraid,1,east,0,56,5,1176,1175,y,wiped,18.5,5.5,0,5,0.000,0.520,6113,4984
1,1,59,armfav,cormist,2,west,1,40,8,1240,1240,y,wiped,32.0,5.0,0,4,0.000,0.468,5652,3774
1,0,54,armfav,armfav,3,east,1,39,39,1209,1209,x,wiped,20.0,3.5,4,0,0.070,0.000,4078,4426
0,1,61,armfav,corraid,2,west,1,38,5,1178,1175,y,wiped,18.5,5.0,0,4,0.000,0.537,6285,4819
1,0,55,armflea,armpw,1,east,0,57,22,1197,1188,y,wiped,12.5,5.0,0,15,0.000,0.498,3726,4296
0,1,62,armfav,armwar,3,east,1,35,4,1085,1080,y,wiped,12.0,4.5,0,4,0.000,0.691,4112,2048
1,1,60,armflea,armjanus,0,west,0,57,5,1197,1200,y,wiped,57.0,6.5,0,2,0.000,0.293,12899,3999
1,0,56,corfav,corthud,2,west,1,48,9,1248,1260,y,wiped,44.5,5.5,0,9,0.000,0.761,6371,2464
0,1,63,corfav,armjeth,1,east,0,48,10,1248,1250,x,wiped,33.0,5.5,45,0,0.823,0.000,816,6346
1,0,57,armfav,corgator,1,east,0,39,10,1209,1200,y,wiped,11.0,4.5,0,9,0.000,0.646,4710,2999
0,0,59,armflea,armart,0,west,0,58,9,1218,1215,draw,stalemate,112.5,6.5,2,2,0.034,0.222,8458,4493
1,0,58,armflea,corthud,3,east,1,60,9,1260,1260,y,wiped,19.0,6.0,0,7,0.000,0.564,7582,4540
0,0,60,armfav,armstump,0,west,0,36,5,1116,1125,y,wiped,19.0,5.0,0,4,0.000,0.357,6081,6022
1,0,59,armfav,corgator,3,east,1,39,10,1209,1200,y,wiped,10.5,4.5,0,10,0.000,0.670,4681,2813
1,1,61,armflea,corwolv,0,west,0,57,7,1197,1190,y,wiped,92.0,6.5,0,2,0.000,0.286,9292,3784
1,1,62,armfav,corllt,1,east,0,38,13,1178,1170,y,wiped,14.0,6.0,0,11,0.000,0.781,4863,1950
1,0,60,armfav,corstorm,0,west,0,39,11,1209,1210,y,wiped,20.5,5.5,0,8,0.000,0.503,7548,4209
0,1,64,corfav,cormist,2,west,1,48,8,1248,1240,y,wiped,68.0,5.0,0,4,0.000,0.439,5713,3992
0,0,61,corfav,corcrash,0,west,0,48,10,1248,1250,x,wiped,31.0,5.5,44,0,0.744,0.000,1202,6439
1,1,63,corfav,corcrash,1,east,0,48,10,1248,1250,x,wiped,31.0,5.5,46,0,0.825,0.000,806,6439
0,1,65,armflea,armrock,1,east,0,57,10,1197,1200,y,wiped,33.0,6.0,0,4,0.000,0.353,8904,4874
1,0,61,corfav,armjeth,0,west,0,48,10,1248,1250,x,wiped,31.0,5.5,46,0,0.817,0.000,842,6347
0,0,62,corfav,armrock,3,east,1,46,10,1196,1200,y,wiped,34.5,5.5,0,3,0.000,0.211,8539,5938
0,1,66,armfav,corlevlr,2,west,1,43,6,1333,1320,y,wiped,9.5,5.5,0,6,0.000,0.798,8656,1793
0,1,67,armflea,corak,1,east,0,57,28,1197,1204,y,wiped,13.0,5.5,0,27,0.000,0.732,3753,2213
1,1,64,armflea,armham,2,west,1,56,9,1176,1170,y,wiped,46.0,6.0,0,7,0.000,0.593,6534,3841
0,0,63,armfav,corcrash,1,east,0,40,10,1240,1250,x,wiped,33.5,5.0,40,0,0.874,0.000,547,6449
1,0,62,armfav,cormist,3,east,1,40,8,1240,1240,y,wiped,55.0,5.0,0,4,0.000,0.453,5411,3914
0,1,68,armflea,armpw,0,west,0,57,22,1197,1188,y,wiped,27.0,5.0,0,17,0.000,0.507,3717,4223
1,0,63,armfav,armrock,1,east,0,39,10,1209,1200,y,wiped,26.0,5.5,0,4,0.000,0.284,7223,5330
1,1,65,armflea,corthud,2,west,1,60,9,1260,1260,y,wiped,48.5,6.5,0,7,0.000,0.555,7200,4625
0,0,64,armflea,armfav,2,west,1,57,39,1197,1209,x,wiped,29.0,4.0,15,0,0.185,0.000,3012,4425
1,0,64,corfav,corllt,3,east,1,45,13,1170,1170,y,wiped,15.5,6.0,0,11,0.000,0.749,5627,2271
0,1,69,corfav,armpw,0,west,0,46,22,1196,1188,y,wiped,27.5,4.5,0,15,0.000,0.463,4438,4574
1,1,66,armfav,cormist,0,west,0,40,8,1240,1240,y,wiped,44.5,4.5,0,4,0.000,0.478,5729,3716
0,0,65,armfav,corwolv,0,west,0,44,8,1364,1360,y,wiped,102.5,5.5,0,2,0.000,0.250,12161,4552
