run,t,metal,energy,metal_income,energy_income,extractors,converters,build_power,factories,constructors,nanos,army_count,army_value,stall,metal_wasted,energy_wasted
arm-lab-nw-income-3min-wind13-detour1.05-2fac-nano,180,908,1300,20.00,84.0,9,0,610,1,2,0,0,0,1.00,3,2098
arm-lab-nw-income-5min-wind13-detour1.05-2fac-nano,180,199,1502,14.00,150.1,6,0,930,1,6,0,0,0,1.00,5,529
arm-lab-nw-income-5min-wind13-detour1.05-2fac-nano,300,2100,1239,43.95,196.5,20,2,930,1,9,0,0,0,1.00,560,557
arm-lab-nw-income-8min-wind13-detour1.05-2fac-nano,180,242,754,12.00,150.4,5,2,850,1,5,0,0,0,1.00,5,557
arm-lab-nw-income-8min-wind13-detour1.05-2fac-nano,300,56,1080,26.00,263.8,12,5,1130,1,9,1,1,270,1.00,5,557
arm-lab-nw-income-8min-wind13-detour1.05-2fac-nano,480,2200,2352,53.00,560.5,22,7,1130,1,21,1,4,724,1.00,1724,557
arm-lab-nw-income-10min-wind13-detour1.05-2fac-nano,180,278,309,14.00,161.2,6,1,850,1,5,0,0,0,1.00,5,919
arm-lab-nw-income-10min-wind13-detour1.05-2fac-nano,300,139,1540,21.32,316.2,9,5,1080,2,10,0,1,54,1.00,5,919
arm-lab-nw-income-10min-wind13-detour1.05-2fac-nano,480,188,2590,38.79,628.6,17,9,1480,2,31,2,9,1072,1.00,5,919
arm-lab-nw-income-10min-wind13-detour1.05-2fac-nano,600,2300,3409,57.00,839.3,22,11,1480,2,45,2,14,1832,1.00,379,919
arm-lab-nw-army-3min-wind13-detour1.05-2fac-nano,180,0,95,6.00,93.5,2,0,450,1,0,0,8,1074,1.00,3,141
arm-lab-nw-army-5min-wind13-detour1.05-2fac-nano,180,46,533,10.00,120.8,4,0,450,1,0,0,4,790,1.00,5,1165
arm-lab-nw-army-5min-wind13-detour1.05-2fac-nano,300,1,6,12.00,146.2,5,0,450,1,0,0,14,2224,0.79,5,1165
arm-lab-nw-army-8min-wind13-detour1.05-2fac-nano,180,153,1393,16.00,206.3,7,0,930,1,6,0,0,0,1.00,3,241
arm-lab-nw-army-8min-wind13-detour1.05-2fac-nano,300,149,384,34.00,327.9,16,0,1130,1,6,1,8,1654,1.00,3,1651
arm-lab-nw-army-8min-wind13-detour1.05-2fac-nano,480,0,5,40.00,482.2,19,0,1480,2,6,2,37,7354,0.92,3,1892
arm-lab-nw-army-10min-wind13-detour1.05-2fac-nano,180,137,1502,16.00,175.5,7,0,930,1,6,0,0,0,1.00,3,656
arm-lab-nw-army-10min-wind13-detour1.05-2fac-nano,300,92,1477,34.00,306.3,16,0,1280,2,6,1,7,1104,1.00,3,2458
arm-lab-nw-army-10min-wind13-detour1.05-2fac-nano,480,179,537,42.00,531.4,20,0,1680,2,6,3,34,6748,1.00,3,2460
arm-lab-nw-army-10min-wind13-detour1.05-2fac-nano,600,23,126,46.00,569.5,22,0,1680,2,6,3,63,12160,0.95,3,2460
arm-lab-nw-mix-3min-wind13-detour1.05-2fac-nano,180,160,47,16.00,102.1,7,0,610,1,2,0,6,730,1.00,3,241
arm-lab-nw-mix-5min-wind13-detour1.05-2fac-nano,180,244,1451,16.00,162.8,7,0,930,1,6,0,0,0,1.00,3,438
arm-lab-nw-mix-5min-wind13-detour1.05-2fac-nano,300,1841,170,42.00,202.8,20,0,930,1,6,0,7,1150,1.00,3,438
arm-lab-nw-mix-8min-wind13-detour1.05-2fac-nano,180,130,160,18.00,155.5,8,0,930,1,6,0,0,0,1.00,3,241
arm-lab-nw-mix-8min-wind13-detour1.05-2fac-nano,300,64,521,30.00,311.7,15,0,1130,1,6,1,7,1384,1.00,3,241
arm-lab-nw-mix-8min-wind13-detour1.05-2fac-nano,480,166,214,46.00,482.5,22,0,1330,1,6,2,37,6744,1.00,3,383
arm-lab-nw-mix-10min-wind13-detour1.05-2fac-nano,180,127,1441,16.00,181.2,7,0,850,1,5,0,1,54,1.00,3,836
arm-lab-nw-mix-10min-wind13-detour1.05-2fac-nano,300,150,410,34.00,331.7,16,0,1130,1,6,1,8,1512,1.00,3,836
arm-lab-nw-mix-10min-wind13-detour1.05-2fac-nano,480,33,997,44.00,527.9,21,0,1480,2,6,2,35,6328,1.00,3,1044
arm-lab-nw-mix-10min-wind13-detour1.05-2fac-nano,600,12,52,46.00,566.0,22,0,1680,2,6,3,61,11918,0.88,3,1166
arm-lab-se-mix-10min-wind13-detour1.05-2fac-nano,180,62,703,17.00,161.2,8,0,850,1,5,0,0,0,1.00,3,241
arm-lab-se-mix-10min-wind13-detour1.05-2fac-nano,300,182,651,32.00,335.2,15,0,1130,1,6,1,7,1318,1.00,3,359
arm-lab-se-mix-10min-wind13-detour1.05-2fac-nano,480,80,1640,46.00,549.5,22,0,1680,2,6,3,43,6662,1.00,3,359
arm-lab-se-mix-10min-wind13-detour1.05-2fac-nano,600,9,144,46.00,562.2,22,0,1680,2,6,3,71,12352,0.98,3,445
arm-vp-nw-mix-10min-wind13-detour1.05-2fac-nano,180,103,101,18.00,163.5,8,0,900,1,5,0,0,0,1.00,5,75
arm-vp-nw-mix-10min-wind13-detour1.05-2fac-nano,300,328,1130,38.00,337.0,18,0,1190,1,6,1,5,910,1.00,5,395
arm-vp-nw-mix-10min-wind13-detour1.05-2fac-nano,480,288,583,46.00,562.1,22,1,1740,2,6,3,35,7215,1.00,5,519
arm-vp-nw-mix-10min-wind13-detour1.05-2fac-nano,600,3,1496,47.00,587.5,22,1,1740,2,6,3,62,13040,0.85,5,559
cor-lab-nw-mix-10min-wind13-detour1.05-2fac-nano,180,162,1452,14.00,168.5,6,0,875,1,5,0,0,0,1.00,5,1104
cor-lab-nw-mix-10min-wind13-detour1.05-2fac-nano,300,119,353,34.00,279.0,16,0,1160,1,6,1,11,1510,1.00,5,1686
cor-lab-nw-mix-10min-wind13-detour1.05-2fac-nano,480,22,1143,44.00,438.7,21,0,1710,2,6,3,51,6713,1.00,5,1903
cor-lab-nw-mix-10min-wind13-detour1.05-2fac-nano,600,0,291,46.00,451.4,22,0,1710,2,6,3,91,12163,0.79,5,2014
cor-vp-nw-mix-10min-wind13-detour1.05-2fac-nano,180,26,300,14.00,148.1,6,0,830,1,4,0,0,0,1.00,3,673
cor-vp-nw-mix-10min-wind13-detour1.05-2fac-nano,300,152,1254,34.00,362.4,16,0,1220,1,6,1,4,860,1.00,3,3406
cor-vp-nw-mix-10min-wind13-detour1.05-2fac-nano,480,125,759,46.00,581.1,22,0,1570,2,6,2,30,6405,1.00,3,5226
cor-vp-nw-mix-10min-wind13-detour1.05-2fac-nano,600,2,1110,46.00,587.5,22,0,1770,2,6,3,55,12085,0.88,3,5226
arm-lab-nw-mix-10min-wind13-detour1.05-1fac-nonano,180,191,616,16.00,128.8,7,0,770,1,4,0,2,184,1.00,3,141
arm-lab-nw-mix-10min-wind13-detour1.05-1fac-nonano,300,50,1038,28.00,313.9,13,0,850,1,5,0,9,1558,1.00,3,450
arm-lab-nw-mix-10min-wind13-detour1.05-1fac-nonano,480,776,1282,40.00,399.3,19,1,850,1,5,0,27,6268,1.00,3,450
arm-lab-nw-mix-10min-wind13-detour1.05-1fac-nonano,600,2200,1189,46.00,419.3,22,1,850,1,5,0,41,9758,1.00,107,825
arm-lab-nw-mix-10min-wind13-detour1.05-1fac-nano,180,21,473,18.00,170.1,8,0,930,1,6,0,0,0,1.00,3,390
arm-lab-nw-mix-10min-wind13-detour1.05-1fac-nano,300,157,1283,32.00,311.7,15,0,1130,1,6,1,9,1344,1.00,3,862
arm-lab-nw-mix-10min-wind13-detour1.05-1fac-nano,480,80,226,44.00,549.5,21,0,1730,1,6,4,39,6862,1.00,3,1812
arm-lab-nw-mix-10min-wind13-detour1.05-1fac-nano,600,25,1,46.00,562.2,22,0,1730,1,6,4,65,12272,1.00,3,1837
arm-lab-nw-mix-10min-wind13-detour1.05-2fac-nonano,180,310,388,18.00,137.7,8,0,850,1,5,0,1,54,1.00,5,75
arm-lab-nw-mix-10min-wind13-detour1.05-2fac-nonano,300,41,792,30.00,286.3,14,0,1080,2,6,0,9,1354,1.00,5,75
arm-lab-nw-mix-10min-wind13-detour1.05-2fac-nonano,480,61,3036,38.00,440.6,18,0,1080,2,6,0,34,6214,1.00,5,75
arm-lab-nw-mix-10min-wind13-detour1.05-2fac-nonano,600,541,145,46.00,460.6,22,0,1080,2,6,0,52,10624,1.00,5,75
arm-lab-nw-army-10min-wind13-detour1.05-1fac-nonano,180,45,793,12.00,135.1,5,0,530,1,1,0,5,704,1.00,5,557
arm-lab-nw-army-10min-wind13-detour1.05-1fac-nonano,300,245,239,18.00,162.1,8,0,610,1,2,0,11,1754,1.00,5,557
arm-lab-nw-army-10min-wind13-detour1.05-1fac-nonano,480,153,574,24.00,280.2,11,0,610,1,2,0,28,5034,1.00,5,557
arm-lab-nw-army-10min-wind13-detour1.05-1fac-nonano,600,1,198,24.00,305.6,11,0,610,1,2,0,43,8074,1.00,5,557
arm-lab-nw-army-10min-wind13-detour1.05-1fac-nano,180,123,1319,16.00,170.1,7,0,930,1,6,0,0,0,1.00,3,154
arm-lab-nw-army-10min-wind13-detour1.05-1fac-nano,300,357,1408,32.00,313.6,15,0,1130,1,6,1,8,1234,1.00,3,185
arm-lab-nw-army-10min-wind13-detour1.05-1fac-nano,480,160,1391,44.00,584.1,21,0,1530,1,6,3,38,6548,1.00,3,185
arm-lab-nw-army-10min-wind13-detour1.05-1fac-nano,600,14,910,46.00,596.8,22,0,1730,1,6,4,62,12178,1.00,3,185
arm-lab-nw-army-10min-wind13-detour1.05-2fac-nonano,180,33,1124,16.00,168.5,7,0,850,1,5,0,1,54,1.00,3,649
arm-lab-nw-army-10min-wind13-detour1.05-2fac-nonano,300,170,534,30.00,246.6,14,0,1000,2,5,0,11,1538,1.00,3,1509
arm-lab-nw-army-10min-wind13-detour1.05-2fac-nonano,480,10,313,36.00,417.4,17,0,1000,2,5,0,34,6448,1.00,3,1971
arm-lab-nw-army-10min-wind13-detour1.05-2fac-nonano,600,26,21,38.00,470.1,18,0,1000,2,5,0,53,10858,0.91,3,2064
arm-lab-nw-mix-10min-wind8-detour1.05-2fac-nano,180,48,475,20.00,145.0,9,0,850,1,5,0,0,0,1.00,5,75
arm-lab-nw-mix-10min-wind8-detour1.05-2fac-nano,300,269,568,34.00,292.0,16,0,1130,1,6,1,9,1070,1.00,5,75
arm-lab-nw-mix-10min-wind8-detour1.05-2fac-nano,480,0,34,46.00,516.0,22,0,1480,2,6,2,35,5714,0.86,5,125
arm-lab-nw-mix-10min-wind8-detour1.05-2fac-nano,600,9,43,46.00,544.0,22,0,1680,2,6,3,67,11228,1.00,5,125
arm-lab-nw-mix-10min-wind13-detour1.40-2fac-nano,180,151,1452,14.00,155.8,6,0,850,1,5,0,1,54,1.00,11,683
arm-lab-nw-mix-10min-wind13-detour1.40-2fac-nano,300,286,33,28.00,259.0,13,0,1130,1,6,1,5,984,1.00,11,1514
arm-lab-nw-mix-10min-wind13-detour1.40-2fac-nano,480,61,658,38.00,456.8,18,0,1530,1,6,3,28,5558,1.00,11,1536
arm-lab-nw-mix-10min-wind13-detour1.40-2fac-nano,600,166,67,46.00,496.8,22,0,1530,1,6,3,52,10168,0.89,11,2122
