# unit,against,margin: mean surviving-value margin of `unit` over `against` at equal metal (+1 wiped them untouched, -1 the reverse).
# Mean of the tight and wide formation tables in docs/data/duels-2026-09-19 (run/matches duel harness, docs/harness/duels.md).
armart,armart,-0.052
armart,armfav,-0.174
armart,armflash,-0.729
armart,armflea,-0.017
armart,armham,-0.643
armart,armjanus,-0.513
armart,armjeth,0.381
armart,armllt,-0.238
armart,armpw,-0.651
armart,armrock,-0.482
armart,armstump,-0.483
armart,armwar,-0.707
armart,corak,-0.485
armart,corcrash,0.381
armart,corfav,-0.108
armart,corgator,-0.644
armart,corlevlr,-0.912
armart,corllt,-0.362
armart,cormist,-0.321
armart,corraid,-0.581
armart,corstorm,-0.556
armart,corthud,-0.692
armart,corwolv,-0.127
armfav,armart,0.174
armfav,armfav,0.050
armfav,armflash,-0.556
armfav,armflea,-0.281
armfav,armham,-0.548
armfav,armjanus,-0.449
armfav,armjeth,0.817
armfav,armllt,-0.734
armfav,armpw,-0.536
armfav,armrock,-0.264
armfav,armstump,-0.430
armfav,armwar,-0.650
armfav,corak,-0.646
armfav,corcrash,0.786
armfav,corfav,-0.186
armfav,corgator,-0.619
armfav,corlevlr,-0.804
armfav,corllt,-0.677
armfav,cormist,-0.276
armfav,corraid,-0.431
armfav,corstorm,-0.405
armfav,corthud,-0.565
armfav,corwolv,0.041
armflash,armart,0.729
armflash,armfav,0.556
armflash,armflash,-0.041
armflash,armflea,0.491
armflash,armham,-0.112
armflash,armjanus,-0.172
armflash,armjeth,0.976
armflash,armllt,0.258
armflash,armpw,0.140
armflash,armrock,0.452
armflash,armstump,0.143
armflash,armwar,-0.304
armflash,corak,0.177
armflash,corcrash,0.973
armflash,corfav,0.532
armflash,corgator,-0.079
armflash,corlevlr,-0.888
armflash,corllt,0.103
armflash,cormist,0.631
armflash,corraid,-0.036
armflash,corstorm,0.274
armflash,corthud,0.035
armflash,corwolv,0.841
armflea,armart,0.017
armflea,armfav,0.281
armflea,armflash,-0.491
armflea,armflea,-0.006
armflea,armham,-0.524
armflea,armjanus,-0.209
armflea,armjeth,0.661
armflea,armllt,-0.641
armflea,armpw,-0.327
armflea,armrock,-0.195
armflea,armstump,-0.511
armflea,armwar,-0.834
armflea,corak,-0.546
armflea,corcrash,0.608
armflea,corfav,0.133
armflea,corgator,-0.596
armflea,corlevlr,-0.892
armflea,corllt,-0.634
armflea,cormist,-0.383
armflea,corraid,-0.515
armflea,corstorm,-0.371
armflea,corthud,-0.585
armflea,corwolv,0.007
armham,armart,0.643
armham,armfav,0.548
armham,armflash,0.112
armham,armflea,0.524
armham,armham,-0.065
armham,armjanus,0.091
armham,armjeth,0.936
armham,armllt,0.557
armham,armpw,0.267
armham,armrock,0.412
armham,armstump,0.343
armham,armwar,-0.120
armham,corak,0.378
armham,corcrash,0.939
armham,corfav,0.608
armham,corgator,0.104
armham,corlevlr,-0.627
armham,corllt,0.627
armham,cormist,0.659
armham,corraid,0.263
armham,corstorm,0.322
armham,corthud,0.146
armham,corwolv,0.526
armjanus,armart,0.513
armjanus,armfav,0.449
armjanus,armflash,0.172
armjanus,armflea,0.209
armjanus,armham,-0.091
armjanus,armjanus,0.008
armjanus,armjeth,0.869
armjanus,armllt,0.007
armjanus,armpw,0.025
armjanus,armrock,0.124
armjanus,armstump,0.265
armjanus,armwar,0.087
armjanus,corak,0.246
armjanus,corcrash,0.800
armjanus,corfav,0.379
armjanus,corgator,0.240
armjanus,corlevlr,-0.333
armjanus,corllt,0.192
armjanus,cormist,0.317
armjanus,corraid,0.102
armjanus,corstorm,-0.028
armjanus,corthud,-0.094
armjanus,corwolv,0.501
armjeth,armart,-0.381
armjeth,armfav,-0.817
armjeth,armflash,-0.976
armjeth,armflea,-0.661
armjeth,armham,-0.936
armjeth,armjanus,-0.869
armjeth,armjeth,0.000
armjeth,armllt,-0.980
armjeth,armpw,-0.824
armjeth,armrock,-0.838
armjeth,armstump,-0.831
armjeth,armwar,-0.995
armjeth,corak,-0.921
armjeth,corcrash,0.000
armjeth,corfav,-0.808
armjeth,corgator,-0.913
armjeth,corlevlr,-0.974
armjeth,corllt,-0.986
armjeth,cormist,-0.904
armjeth,corraid,-0.899
armjeth,corstorm,-0.910
armjeth,corthud,-0.936
armjeth,corwolv,-0.435
armllt,armart,0.238
armllt,armfav,0.734
armllt,armflash,-0.258
armllt,armflea,0.641
armllt,armham,-0.557
armllt,armjanus,-0.007
armllt,armjeth,0.980
armllt,armpw,0.190
armllt,armrock,-0.399
armllt,armstump,-0.579
armllt,armwar,-0.461
armllt,corak,0.178
armllt,corcrash,0.870
armllt,corfav,0.713
armllt,corgator,-0.440
armllt,corlevlr,-0.445
armllt,cormist,-0.982
armllt,corraid,-0.426
armllt,corstorm,-0.439
armllt,corthud,-0.585
armllt,corwolv,0.217
armpw,armart,0.651
armpw,armfav,0.536
armpw,armflash,-0.140
armpw,armflea,0.327
armpw,armham,-0.267
armpw,armjanus,-0.025
armpw,armjeth,0.824
armpw,armllt,-0.190
armpw,armpw,0.001
armpw,armrock,0.227
armpw,armstump,-0.077
armpw,armwar,-0.158
armpw,corak,0.146
armpw,corcrash,0.799
armpw,corfav,0.442
armpw,corgator,-0.044
armpw,corlevlr,-0.852
armpw,corllt,-0.135
armpw,cormist,0.252
armpw,corraid,-0.359
armpw,corstorm,-0.026
armpw,corthud,-0.317
armpw,corwolv,0.569
armrock,armart,0.482
armrock,armfav,0.264
armrock,armflash,-0.452
armrock,armflea,0.195
armrock,armham,-0.412
armrock,armjanus,-0.124
armrock,armjeth,0.838
armrock,armllt,0.399
armrock,armpw,-0.227
armrock,armrock,0.030
armrock,armstump,-0.329
armrock,armwar,-0.425
armrock,corak,-0.132
armrock,corcrash,0.819
armrock,corfav,0.275
armrock,corgator,-0.452
armrock,corlevlr,-0.707
armrock,corllt,0.457
armrock,cormist,0.490
armrock,corraid,-0.302
armrock,corstorm,-0.235
armrock,corthud,-0.487
armrock,corwolv,0.341
armstump,armart,0.483
armstump,armfav,0.430
armstump,armflash,-0.143
armstump,armflea,0.511
armstump,armham,-0.343
armstump,armjanus,-0.265
armstump,armjeth,0.831
armstump,armllt,0.579
armstump,armpw,0.077
armstump,armrock,0.329
armstump,armstump,0.042
armstump,armwar,-0.224
armstump,corak,0.281
armstump,corcrash,0.868
armstump,corfav,0.443
armstump,corgator,0.041
armstump,corlevlr,-0.682
armstump,corllt,0.589
armstump,cormist,0.641
armstump,corraid,-0.171
armstump,corstorm,0.159
armstump,corthud,-0.262
armstump,corwolv,0.450
armwar,armart,0.707
armwar,armfav,0.650
armwar,armflash,0.304
armwar,armflea,0.834
armwar,armham,0.120
armwar,armjanus,-0.087
armwar,armjeth,0.995
armwar,armllt,0.461
armwar,armpw,0.158
armwar,armrock,0.425
armwar,armstump,0.224
armwar,armwar,-0.028
armwar,corak,0.474
armwar,corcrash,0.992
armwar,corfav,0.746
armwar,corgator,0.348
armwar,corlevlr,-0.621
armwar,corllt,0.473
armwar,cormist,0.595
armwar,corraid,0.124
armwar,corstorm,0.186
armwar,corthud,-0.253
armwar,corwolv,0.611
corak,armart,0.485
corak,armfav,0.646
corak,armflash,-0.177
corak,armflea,0.546
corak,armham,-0.378
corak,armjanus,-0.246
corak,armjeth,0.921
corak,armllt,-0.178
corak,armpw,-0.146
corak,armrock,0.132
corak,armstump,-0.281
corak,armwar,-0.474
corak,corak,-0.056
corak,corcrash,0.887
corak,corfav,0.591
corak,corgator,-0.140
corak,corlevlr,-0.922
corak,corllt,-0.133
corak,cormist,0.252
corak,corraid,-0.406
corak,corstorm,-0.184
corak,corthud,-0.363
corak,corwolv,0.443
corcrash,armart,-0.381
corcrash,armfav,-0.786
corcrash,armflash,-0.973
corcrash,armflea,-0.608
corcrash,armham,-0.939
corcrash,armjanus,-0.800
corcrash,armjeth,0.000
corcrash,armllt,-0.870
corcrash,armpw,-0.799
corcrash,armrock,-0.819
corcrash,armstump,-0.868
corcrash,armwar,-0.992
corcrash,corak,-0.887
corcrash,corcrash,0.000
corcrash,corfav,-0.758
corcrash,corgator,-0.934
corcrash,corlevlr,-0.967
corcrash,corllt,-0.994
corcrash,cormist,-0.900
corcrash,corraid,-0.883
corcrash,corstorm,-0.925
corcrash,corthud,-0.935
corcrash,corwolv,-0.445
corfav,armart,0.108
corfav,armfav,0.186
corfav,armflash,-0.532
corfav,armflea,-0.133
corfav,armham,-0.608
corfav,armjanus,-0.379
corfav,armjeth,0.808
corfav,armllt,-0.713
corfav,armpw,-0.442
corfav,armrock,-0.275
corfav,armstump,-0.443
corfav,armwar,-0.746
corfav,corak,-0.591
corfav,corcrash,0.758
corfav,corfav,-0.060
corfav,corgator,-0.603
corfav,corlevlr,-0.875
corfav,corllt,-0.648
corfav,cormist,-0.294
corfav,corraid,-0.532
corfav,corstorm,-0.348
corfav,corthud,-0.589
corfav,corwolv,0.152
corgator,armart,0.644
corgator,armfav,0.619
corgator,armflash,0.079
corgator,armflea,0.596
corgator,armham,-0.104
corgator,armjanus,-0.240
corgator,armjeth,0.913
corgator,armllt,0.440
corgator,armpw,0.044
corgator,armrock,0.452
corgator,armstump,-0.041
corgator,armwar,-0.348
corgator,corak,0.140
corgator,corcrash,0.934
corgator,corfav,0.603
corgator,corgator,0.001
corgator,corlevlr,-0.885
corgator,corllt,0.463
corgator,cormist,0.631
corgator,corraid,0.022
corgator,corstorm,0.310
corgator,corthud,0.034
corgator,corwolv,0.720
corlevlr,armart,0.912
corlevlr,armfav,0.804
corlevlr,armflash,0.888
corlevlr,armflea,0.892
corlevlr,armham,0.627
corlevlr,armjanus,0.333
corlevlr,armjeth,0.974
corlevlr,armllt,0.445
corlevlr,armpw,0.852
corlevlr,armrock,0.707
corlevlr,armstump,0.682
corlevlr,armwar,0.621
corlevlr,corak,0.922
corlevlr,corcrash,0.967
corlevlr,corfav,0.875
corlevlr,corgator,0.885
corlevlr,corlevlr,0.008
corlevlr,corllt,0.466
corlevlr,cormist,0.716
corlevlr,corraid,0.642
corlevlr,corstorm,0.625
corlevlr,corthud,0.545
corlevlr,corwolv,0.809
corllt,armart,0.362
corllt,armfav,0.677
corllt,armflash,-0.103
corllt,armflea,0.634
corllt,armham,-0.627
corllt,armjanus,-0.192
corllt,armjeth,0.986
corllt,armpw,0.135
corllt,armrock,-0.457
corllt,armstump,-0.589
corllt,armwar,-0.473
corllt,corak,0.133
corllt,corcrash,0.994
corllt,corfav,0.648
corllt,corgator,-0.463
corllt,corlevlr,-0.466
corllt,cormist,-0.895
corllt,corraid,-0.540
corllt,corstorm,-0.278
corllt,corthud,-0.631
corllt,corwolv,-0.024
cormist,armart,0.321
cormist,armfav,0.276
cormist,armflash,-0.631
cormist,armflea,0.383
cormist,armham,-0.659
cormist,armjanus,-0.317
cormist,armjeth,0.904
cormist,armllt,0.982
cormist,armpw,-0.252
cormist,armrock,-0.490
cormist,armstump,-0.641
cormist,armwar,-0.595
cormist,corak,-0.252
cormist,corcrash,0.900
cormist,corfav,0.294
cormist,corgator,-0.631
cormist,corlevlr,-0.716
cormist,corllt,0.895
cormist,cormist,-0.041
cormist,corraid,-0.651
cormist,corstorm,-0.577
cormist,corthud,-0.664
cormist,corwolv,0.197
corraid,armart,0.581
corraid,armfav,0.431
corraid,armflash,0.036
corraid,armflea,0.515
corraid,armham,-0.263
corraid,armjanus,-0.102
corraid,armjeth,0.899
corraid,armllt,0.426
corraid,armpw,0.359
corraid,armrock,0.302
corraid,armstump,0.171
corraid,armwar,-0.124
corraid,corak,0.406
corraid,corcrash,0.883
corraid,corfav,0.532
corraid,corgator,-0.022
corraid,corlevlr,-0.642
corraid,corllt,0.540
corraid,cormist,0.651
corraid,corraid,0.056
corraid,corstorm,0.203
corraid,corthud,-0.175
corraid,corwolv,0.507
corstorm,armart,0.556
corstorm,armfav,0.405
corstorm,armflash,-0.274
corstorm,armflea,0.371
corstorm,armham,-0.322
corstorm,armjanus,0.028
corstorm,armjeth,0.910
corstorm,armllt,0.439
corstorm,armpw,0.026
corstorm,armrock,0.235
corstorm,armstump,-0.159
corstorm,armwar,-0.186
corstorm,corak,0.184
corstorm,corcrash,0.925
corstorm,corfav,0.348
corstorm,corgator,-0.310
corstorm,corlevlr,-0.625
corstorm,corllt,0.278
corstorm,cormist,0.577
corstorm,corraid,-0.203
corstorm,corstorm,0.113
corstorm,corthud,-0.382
corstorm,corwolv,0.462
corthud,armart,0.692
corthud,armfav,0.565
corthud,armflash,-0.035
corthud,armflea,0.585
corthud,armham,-0.146
corthud,armjanus,0.094
corthud,armjeth,0.936
corthud,armllt,0.585
corthud,armpw,0.317
corthud,armrock,0.487
corthud,armstump,0.262
corthud,armwar,0.253
corthud,corak,0.363
corthud,corcrash,0.935
corthud,corfav,0.589
corthud,corgator,-0.034
corthud,corlevlr,-0.545
corthud,corllt,0.631
corthud,cormist,0.664
corthud,corraid,0.175
corthud,corstorm,0.382
corthud,corthud,0.000
corthud,corwolv,0.537
corwolv,armart,0.127
corwolv,armfav,-0.041
corwolv,armflash,-0.841
corwolv,armflea,-0.007
corwolv,armham,-0.526
corwolv,armjanus,-0.501
corwolv,armjeth,0.435
corwolv,armllt,-0.217
corwolv,armpw,-0.569
corwolv,armrock,-0.341
corwolv,armstump,-0.450
corwolv,armwar,-0.611
corwolv,corak,-0.443
corwolv,corcrash,0.445
corwolv,corfav,-0.152
corwolv,corgator,-0.720
corwolv,corlevlr,-0.809
corwolv,corllt,0.024
corwolv,cormist,-0.197
corwolv,corraid,-0.507
corwolv,corstorm,-0.462
corwolv,corthud,-0.537
corwolv,corwolv,-0.020
